IPR000001,0
IPR000007,1
IPR000008,2
IPR000014,3
IPR000018,4
IPR000025,5
IPR000033,6
IPR000046,7
IPR000048,8
IPR000057,9
IPR000068,10
IPR000073,11
IPR000076,12
IPR000082,13
IPR000086,14
IPR000095,15
IPR000101,16
IPR000105,17
IPR000109,18
IPR000112,19
IPR000133,20
IPR000141,21
IPR000142,22
IPR000147,23
IPR000152,24
IPR000155,25
IPR000156,26
IPR000157,27
IPR000159,28
IPR000161,29
IPR000162,30
IPR000174,31
IPR000175,32
IPR000180,33
IPR000182,34
IPR000184,35
IPR000190,36
IPR000194,37
IPR000195,38
IPR000198,39
IPR000202,40
IPR000203,41
IPR000204,42
IPR000209,43
IPR000210,44
IPR000219,45
IPR000225,46
IPR000233,47
IPR000237,48
IPR000239,49
IPR000242,50
IPR000245,51
IPR000248,52
IPR000261,53
IPR000269,54
IPR000272,55
IPR000276,56
IPR000294,57
IPR000296,58
IPR000299,59
IPR000300,60
IPR000301,61
IPR000306,62
IPR000314,63
IPR000315,64
IPR000320,65
IPR000321,66
IPR000322,67
IPR000323,68
IPR000326,69
IPR000331,70
IPR000332,71
IPR000333,72
IPR000337,73
IPR000351,74
IPR000353,75
IPR000355,76
IPR000356,77
IPR000363,78
IPR000369,79
IPR000370,80
IPR000372,81
IPR000374,82
IPR000375,83
IPR000377,84
IPR000378,85
IPR000387,86
IPR000388,87
IPR000393,88
IPR000402,89
IPR000403,90
IPR000405,91
IPR000407,92
IPR000408,93
IPR000409,94
IPR000413,95
IPR000421,96
IPR000425,97
IPR000433,98
IPR000434,99
IPR000436,100
IPR000450,101
IPR000452,102
IPR000460,103
IPR000462,104
IPR000469,105
IPR000472,106
IPR000479,107
IPR000482,108
IPR000483,109
IPR000488,110
IPR000493,111
IPR000494,112
IPR000496,113
IPR000497,114
IPR000499,115
IPR000500,116
IPR000503,117
IPR000505,118
IPR000507,119
IPR000519,120
IPR000536,121
IPR000537,122
IPR000538,123
IPR000539,124
IPR000542,125
IPR000547,126
IPR000548,127
IPR000555,128
IPR000560,129
IPR000562,130
IPR000569,131
IPR000577,132
IPR000582,133
IPR000584,134
IPR000585,135
IPR000586,136
IPR000587,137
IPR000591,138
IPR000595,139
IPR000596,140
IPR000601,141
IPR000608,142
IPR000610,143
IPR000611,144
IPR000615,145
IPR000621,146
IPR000622,147
IPR000626,148
IPR000628,149
IPR000633,150
IPR000639,151
IPR000640,152
IPR000642,153
IPR000644,154
IPR000648,155
IPR000651,156
IPR000670,157
IPR000672,158
IPR000681,159
IPR000697,160
IPR000699,161
IPR000700,162
IPR000701,163
IPR000708,164
IPR000715,165
IPR000716,166
IPR000718,167
IPR000719,168
IPR000720,169
IPR000723,170
IPR000725,171
IPR000727,172
IPR000731,173
IPR000732,174
IPR000734,175
IPR000735,176
IPR000742,177
IPR000744,178
IPR000749,179
IPR000753,180
IPR000756,181
IPR000760,182
IPR000768,183
IPR000772,184
IPR000778,185
IPR000782,186
IPR000795,187
IPR000798,188
IPR000799,189
IPR000800,190
IPR000804,191
IPR000810,192
IPR000820,193
IPR000826,194
IPR000830,195
IPR000832,196
IPR000834,197
IPR000844,198
IPR000859,199
IPR000863,200
IPR000867,201
IPR000873,202
IPR000884,203
IPR000891,204
IPR000906,205
IPR000907,206
IPR000909,207
IPR000913,208
IPR000920,209
IPR000928,210
IPR000929,211
IPR000935,212
IPR000938,213
IPR000945,214
IPR000956,215
IPR000961,216
IPR000973,217
IPR000979,218
IPR000980,219
IPR000984,220
IPR000987,221
IPR000994,222
IPR000995,223
IPR000996,224
IPR000997,225
IPR000998,226
IPR001003,227
IPR001004,228
IPR001005,229
IPR001006,230
IPR001007,231
IPR001012,232
IPR001013,233
IPR001015,234
IPR001019,235
IPR001024,236
IPR001033,237
IPR001039,238
IPR001041,239
IPR001046,240
IPR001050,241
IPR001053,242
IPR001054,243
IPR001060,244
IPR001065,245
IPR001068,246
IPR001069,247
IPR001084,248
IPR001090,249
IPR001094,250
IPR001096,251
IPR001102,252
IPR001104,253
IPR001105,254
IPR001107,255
IPR001108,256
IPR001112,257
IPR001115,258
IPR001116,259
IPR001128,260
IPR001129,261
IPR001131,262
IPR001135,263
IPR001139,264
IPR001148,265
IPR001158,266
IPR001164,267
IPR001168,268
IPR001170,269
IPR001171,270
IPR001173,271
IPR001180,272
IPR001183,273
IPR001184,274
IPR001186,275
IPR001187,276
IPR001190,277
IPR001192,278
IPR001194,279
IPR001195,280
IPR001199,281
IPR001202,282
IPR001204,283
IPR001206,284
IPR001211,285
IPR001224,286
IPR001231,287
IPR001234,288
IPR001237,289
IPR001244,290
IPR001245,291
IPR001247,292
IPR001251,293
IPR001254,294
IPR001256,295
IPR001258,296
IPR001263,297
IPR001265,298
IPR001274,299
IPR001277,300
IPR001279,301
IPR001283,302
IPR001285,303
IPR001292,304
IPR001293,305
IPR001298,306
IPR001303,307
IPR001304,308
IPR001314,309
IPR001315,310
IPR001320,311
IPR001322,312
IPR001331,313
IPR001350,314
IPR001358,315
IPR001359,316
IPR001360,317
IPR001365,318
IPR001368,319
IPR001375,320
IPR001382,321
IPR001388,322
IPR001390,323
IPR001392,324
IPR001394,325
IPR001397,326
IPR001401,327
IPR001402,328
IPR001414,329
IPR001418,330
IPR001420,331
IPR001422,332
IPR001423,333
IPR001426,334
IPR001429,335
IPR001431,336
IPR001432,337
IPR001433,338
IPR001435,339
IPR001439,340
IPR001440,341
IPR001441,342
IPR001446,343
IPR001452,344
IPR001458,345
IPR001461,346
IPR001478,347
IPR001493,348
IPR001496,349
IPR001503,350
IPR001504,351
IPR001506,352
IPR001507,353
IPR001508,354
IPR001512,355
IPR001513,356
IPR001520,357
IPR001521,358
IPR001522,359
IPR001548,360
IPR001551,361
IPR001556,362
IPR001560,363
IPR001562,364
IPR001571,365
IPR001573,366
IPR001578,367
IPR001580,368
IPR001589,369
IPR001590,370
IPR001594,371
IPR001599,372
IPR001605,373
IPR001609,374
IPR001610,375
IPR001611,376
IPR001612,377
IPR001619,378
IPR001620,379
IPR001623,380
IPR001627,381
IPR001628,382
IPR001634,383
IPR001642,384
IPR001644,385
IPR001650,386
IPR001657,387
IPR001658,388
IPR001660,389
IPR001666,390
IPR001671,391
IPR001675,392
IPR001680,393
IPR001681,394
IPR001683,395
IPR001696,396
IPR001708,397
IPR001709,398
IPR001711,399
IPR001715,400
IPR001717,401
IPR001718,402
IPR001723,403
IPR001734,404
IPR001736,405
IPR001749,406
IPR001751,407
IPR001757,408
IPR001758,409
IPR001759,410
IPR001760,411
IPR001762,412
IPR001763,413
IPR001767,414
IPR001770,415
IPR001771,416
IPR001772,417
IPR001774,418
IPR001781,419
IPR001786,420
IPR001791,421
IPR001793,422
IPR001799,423
IPR001806,424
IPR001807,425
IPR001810,426
IPR001811,427
IPR001817,428
IPR001818,429
IPR001824,430
IPR001828,431
IPR001834,432
IPR001841,433
IPR001846,434
IPR001849,435
IPR001862,436
IPR001863,437
IPR001870,438
IPR001873,439
IPR001876,440
IPR001879,441
IPR001881,442
IPR001883,443
IPR001884,444
IPR001885,445
IPR001893,446
IPR001895,447
IPR001898,448
IPR001902,449
IPR001908,450
IPR001915,451
IPR001922,452
IPR001923,453
IPR001930,454
IPR001932,455
IPR001933,456
IPR001936,457
IPR001946,458
IPR001949,459
IPR001952,460
IPR001953,461
IPR001966,462
IPR001969,463
IPR001970,464
IPR001972,465
IPR001973,466
IPR001991,467
IPR002000,468
IPR002011,469
IPR002014,470
IPR002017,471
IPR002018,472
IPR002030,473
IPR002031,474
IPR002035,475
IPR002048,476
IPR002049,477
IPR002060,478
IPR002062,479
IPR002067,480
IPR002073,481
IPR002074,482
IPR002076,483
IPR002077,484
IPR002083,485
IPR002090,486
IPR002108,487
IPR002110,488
IPR002113,489
IPR002120,490
IPR002122,491
IPR002123,492
IPR002126,493
IPR002129,494
IPR002130,495
IPR002131,496
IPR002144,497
IPR002147,498
IPR002153,499
IPR002154,500
IPR002159,501
IPR002165,502
IPR002167,503
IPR002170,504
IPR002172,505
IPR002175,506
IPR002181,507
IPR002185,508
IPR002202,509
IPR002208,510
IPR002211,511
IPR002219,512
IPR002223,513
IPR002225,514
IPR002227,515
IPR002228,516
IPR002229,517
IPR002230,518
IPR002231,519
IPR002232,520
IPR002233,521
IPR002234,522
IPR002235,523
IPR002236,524
IPR002237,525
IPR002238,526
IPR002239,527
IPR002240,528
IPR002243,529
IPR002244,530
IPR002245,531
IPR002248,532
IPR002250,533
IPR002258,534
IPR002259,535
IPR002260,536
IPR002261,537
IPR002262,538
IPR002263,539
IPR002264,540
IPR002265,541
IPR002266,542
IPR002267,543
IPR002269,544
IPR002270,545
IPR002271,546
IPR002272,547
IPR002273,548
IPR002274,549
IPR002276,550
IPR002277,551
IPR002278,552
IPR002280,553
IPR002281,554
IPR002282,555
IPR002284,556
IPR002285,557
IPR002289,558
IPR002293,559
IPR002328,560
IPR002347,561
IPR002350,562
IPR002364,563
IPR002365,564
IPR002369,565
IPR002372,566
IPR002374,567
IPR002379,568
IPR002394,569
IPR002396,570
IPR002401,571
IPR002402,572
IPR002403,573
IPR002404,574
IPR002435,575
IPR002436,576
IPR002440,577
IPR002441,578
IPR002442,579
IPR002443,580
IPR002444,581
IPR002445,582
IPR002455,583
IPR002456,584
IPR002457,585
IPR002469,586
IPR002471,587
IPR002475,588
IPR002477,589
IPR002490,590
IPR002495,591
IPR002498,592
IPR002516,593
IPR002524,594
IPR002528,595
IPR002550,596
IPR002553,597
IPR002558,598
IPR002569,599
IPR002591,600
IPR002640,601
IPR002641,602
IPR002642,603
IPR002645,604
IPR002657,605
IPR002659,606
IPR002666,607
IPR002668,608
IPR002713,609
IPR002714,610
IPR002809,611
IPR002859,612
IPR002867,613
IPR002870,614
IPR002884,615
IPR002889,616
IPR002890,617
IPR002893,618
IPR002909,619
IPR002913,620
IPR002919,621
IPR002921,622
IPR002931,623
IPR002935,624
IPR002937,625
IPR002938,626
IPR002945,627
IPR002948,628
IPR002955,629
IPR002958,630
IPR002959,631
IPR002977,632
IPR002978,633
IPR002979,634
IPR002980,635
IPR002981,636
IPR002982,637
IPR002983,638
IPR002984,639
IPR002987,640
IPR002995,641
IPR002999,642
IPR003005,643
IPR003006,644
IPR003017,645
IPR003018,646
IPR003020,647
IPR003024,648
IPR003028,649
IPR003029,650
IPR003032,651
IPR003044,652
IPR003045,653
IPR003046,654
IPR003047,655
IPR003048,656
IPR003049,657
IPR003050,658
IPR003051,659
IPR003052,660
IPR003092,661
IPR003093,662
IPR003097,663
IPR003106,664
IPR003109,665
IPR003110,666
IPR003112,667
IPR003114,668
IPR003123,669
IPR003124,670
IPR003128,671
IPR003130,672
IPR003131,673
IPR003134,674
IPR003137,675
IPR003151,676
IPR003152,677
IPR003164,678
IPR003191,679
IPR003193,680
IPR003263,681
IPR003268,682
IPR003270,683
IPR003272,684
IPR003273,685
IPR003274,686
IPR003276,687
IPR003277,688
IPR003278,689
IPR003279,690
IPR003280,691
IPR003287,692
IPR003288,693
IPR003289,694
IPR003290,695
IPR003291,696
IPR003292,697
IPR003342,698
IPR003343,699
IPR003351,700
IPR003388,701
IPR003392,702
IPR003406,703
IPR003410,704
IPR003438,705
IPR003439,706
IPR003452,707
IPR003492,708
IPR003505,709
IPR003527,710
IPR003528,711
IPR003529,712
IPR003530,713
IPR003531,714
IPR003532,715
IPR003543,716
IPR003552,717
IPR003554,718
IPR003555,719
IPR003556,720
IPR003566,721
IPR003578,722
IPR003582,723
IPR003585,724
IPR003586,725
IPR003587,726
IPR003591,727
IPR003593,728
IPR003595,729
IPR003597,730
IPR003598,731
IPR003599,732
IPR003605,733
IPR003607,734
IPR003615,735
IPR003644,736
IPR003653,737
IPR003663,738
IPR003674,739
IPR003689,740
IPR003780,741
IPR003841,742
IPR003859,743
IPR003877,744
IPR003879,745
IPR003886,746
IPR003887,747
IPR003892,748
IPR003903,749
IPR003904,750
IPR003905,751
IPR003906,752
IPR003907,753
IPR003908,754
IPR003909,755
IPR003912,756
IPR003913,757
IPR003926,758
IPR003927,759
IPR003928,760
IPR003929,761
IPR003930,762
IPR003932,763
IPR003933,764
IPR003934,765
IPR003935,766
IPR003936,767
IPR003937,768
IPR003938,769
IPR003943,770
IPR003944,771
IPR003947,772
IPR003948,773
IPR003949,774
IPR003950,775
IPR003952,776
IPR003953,777
IPR003959,778
IPR003960,779
IPR003961,780
IPR003967,781
IPR003968,782
IPR003969,783
IPR003970,784
IPR003971,785
IPR003972,786
IPR003973,787
IPR003974,788
IPR003975,789
IPR003980,790
IPR003981,791
IPR003983,792
IPR003984,793
IPR003985,794
IPR003986,795
IPR003987,796
IPR003988,797
IPR003989,798
IPR004009,799
IPR004012,800
IPR004014,801
IPR004030,802
IPR004031,803
IPR004032,804
IPR004043,805
IPR004045,806
IPR004047,807
IPR004050,808
IPR004052,809
IPR004053,810
IPR004054,811
IPR004055,812
IPR004056,813
IPR004059,814
IPR004060,815
IPR004061,816
IPR004062,817
IPR004064,818
IPR004065,819
IPR004066,820
IPR004067,821
IPR004068,822
IPR004069,823
IPR004070,824
IPR004071,825
IPR004072,826
IPR004074,827
IPR004076,828
IPR004077,829
IPR004087,830
IPR004088,831
IPR004094,832
IPR004100,833
IPR004139,834
IPR004148,835
IPR004152,836
IPR004156,837
IPR004161,838
IPR004166,839
IPR004172,840
IPR004177,841
IPR004178,842
IPR004179,843
IPR004182,844
IPR004213,845
IPR004217,846
IPR004240,847
IPR004241,848
IPR004254,849
IPR004263,850
IPR004269,851
IPR004279,852
IPR004299,853
IPR004307,854
IPR004313,855
IPR004316,856
IPR004345,857
IPR004350,858
IPR004481,859
IPR004489,860
IPR004554,861
IPR004572,862
IPR004680,863
IPR004686,864
IPR004687,865
IPR004709,866
IPR004710,867
IPR004724,868
IPR004727,869
IPR004734,870
IPR004743,871
IPR004745,872
IPR004749,873
IPR004755,874
IPR004760,875
IPR004765,876
IPR004766,877
IPR004768,878
IPR004776,879
IPR004816,880
IPR004817,881
IPR004826,882
IPR004827,883
IPR004836,884
IPR004837,885
IPR004841,886
IPR004842,887
IPR004843,888
IPR004853,889
IPR004870,890
IPR004878,891
IPR004888,892
IPR004932,893
IPR004937,894
IPR004942,895
IPR004944,896
IPR004965,897
IPR005013,898
IPR005018,899
IPR005024,900
IPR005027,901
IPR005031,902
IPR005052,903
IPR005112,904
IPR005113,905
IPR005123,906
IPR005135,907
IPR005178,908
IPR005189,909
IPR005199,910
IPR005225,911
IPR005282,912
IPR005283,913
IPR005284,914
IPR005292,915
IPR005293,916
IPR005301,917
IPR005302,918
IPR005303,919
IPR005329,920
IPR005336,921
IPR005341,922
IPR005378,923
IPR005382,924
IPR005385,925
IPR005386,926
IPR005387,927
IPR005389,928
IPR005390,929
IPR005391,930
IPR005392,931
IPR005393,932
IPR005394,933
IPR005395,934
IPR005396,935
IPR005397,936
IPR005398,937
IPR005405,938
IPR005417,939
IPR005418,940
IPR005419,941
IPR005420,942
IPR005421,943
IPR005422,944
IPR005424,945
IPR005425,946
IPR005426,947
IPR005428,948
IPR005429,949
IPR005433,950
IPR005434,951
IPR005435,952
IPR005436,953
IPR005437,954
IPR005438,955
IPR005440,956
IPR005443,957
IPR005444,958
IPR005445,959
IPR005446,960
IPR005448,961
IPR005449,962
IPR005450,963
IPR005451,964
IPR005452,965
IPR005459,966
IPR005460,967
IPR005461,968
IPR005466,969
IPR005552,970
IPR005574,971
IPR005578,972
IPR005595,973
IPR005599,974
IPR005612,975
IPR005662,976
IPR005678,977
IPR005723,978
IPR005775,979
IPR005782,980
IPR005804,981
IPR005821,982
IPR005827,983
IPR005828,984
IPR005829,985
IPR005936,986
IPR005951,987
IPR005999,988
IPR006018,989
IPR006020,990
IPR006026,991
IPR006028,992
IPR006029,993
IPR006042,994
IPR006043,995
IPR006047,996
IPR006052,997
IPR006053,998
IPR006058,999
IPR006068,1000
IPR006070,1001
IPR006073,1002
IPR006077,1003
IPR006121,1004
IPR006122,1005
IPR006141,1006
IPR006146,1007
IPR006153,1008
IPR006179,1009
IPR006187,1010
IPR006201,1011
IPR006202,1012
IPR006207,1013
IPR006211,1014
IPR006212,1015
IPR006213,1016
IPR006214,1017
IPR006228,1018
IPR006297,1019
IPR006330,1020
IPR006349,1021
IPR006357,1022
IPR006369,1023
IPR006408,1024
IPR006413,1025
IPR006449,1026
IPR006539,1027
IPR006553,1028
IPR006558,1029
IPR006574,1030
IPR006581,1031
IPR006586,1032
IPR006590,1033
IPR006593,1034
IPR006597,1035
IPR006599,1036
IPR006603,1037
IPR006614,1038
IPR006620,1039
IPR006629,1040
IPR006634,1041
IPR006638,1042
IPR006639,1043
IPR006644,1044
IPR006650,1045
IPR006652,1046
IPR006667,1047
IPR006671,1048
IPR006689,1049
IPR006692,1050
IPR006694,1051
IPR006704,1052
IPR006708,1053
IPR006769,1054
IPR006785,1055
IPR006806,1056
IPR006813,1057
IPR006822,1058
IPR006823,1059
IPR006838,1060
IPR006844,1061
IPR006845,1062
IPR006875,1063
IPR006876,1064
IPR006884,1065
IPR006885,1066
IPR006895,1067
IPR006896,1068
IPR006900,1069
IPR006907,1070
IPR006925,1071
IPR006926,1072
IPR006966,1073
IPR006977,1074
IPR006985,1075
IPR006990,1076
IPR007007,1077
IPR007014,1078
IPR007036,1079
IPR007074,1080
IPR007084,1081
IPR007110,1082
IPR007122,1083
IPR007123,1084
IPR007130,1085
IPR007143,1086
IPR007187,1087
IPR007197,1088
IPR007203,1089
IPR007230,1090
IPR007234,1091
IPR007237,1092
IPR007241,1093
IPR007243,1094
IPR007245,1095
IPR007246,1096
IPR007248,1097
IPR007258,1098
IPR007265,1099
IPR007269,1100
IPR007271,1101
IPR007273,1102
IPR007274,1103
IPR007305,1104
IPR007315,1105
IPR007330,1106
IPR007365,1107
IPR007369,1108
IPR007397,1109
IPR007483,1110
IPR007484,1111
IPR007528,1112
IPR007531,1113
IPR007583,1114
IPR007593,1115
IPR007599,1116
IPR007603,1117
IPR007632,1118
IPR007676,1119
IPR007698,1120
IPR007704,1121
IPR007715,1122
IPR007741,1123
IPR007754,1124
IPR007763,1125
IPR007782,1126
IPR007803,1127
IPR007810,1128
IPR007822,1129
IPR007829,1130
IPR007846,1131
IPR007863,1132
IPR007866,1133
IPR007875,1134
IPR007881,1135
IPR007886,1136
IPR007905,1137
IPR007934,1138
IPR007943,1139
IPR007947,1140
IPR007960,1141
IPR007992,1142
IPR008011,1143
IPR008051,1144
IPR008052,1145
IPR008053,1146
IPR008057,1147
IPR008058,1148
IPR008059,1149
IPR008060,1150
IPR008061,1151
IPR008062,1152
IPR008063,1153
IPR008066,1154
IPR008067,1155
IPR008068,1156
IPR008069,1157
IPR008070,1158
IPR008071,1159
IPR008072,1160
IPR008073,1161
IPR008075,1162
IPR008083,1163
IPR008093,1164
IPR008094,1165
IPR008096,1166
IPR008097,1167
IPR008098,1168
IPR008099,1169
IPR008100,1170
IPR008102,1171
IPR008103,1172
IPR008109,1173
IPR008112,1174
IPR008127,1175
IPR008128,1176
IPR008130,1177
IPR008132,1178
IPR008134,1179
IPR008142,1180
IPR008143,1181
IPR008144,1182
IPR008145,1183
IPR008152,1184
IPR008153,1185
IPR008154,1186
IPR008155,1187
IPR008160,1188
IPR008197,1189
IPR008211,1190
IPR008250,1191
IPR008253,1192
IPR008254,1193
IPR008257,1194
IPR008266,1195
IPR008271,1196
IPR008276,1197
IPR008294,1198
IPR008297,1199
IPR008333,1200
IPR008334,1201
IPR008339,1202
IPR008340,1203
IPR008341,1204
IPR008344,1205
IPR008346,1206
IPR008347,1207
IPR008351,1208
IPR008355,1209
IPR008356,1210
IPR008361,1211
IPR008362,1212
IPR008364,1213
IPR008365,1214
IPR008368,1215
IPR008399,1216
IPR008400,1217
IPR008408,1218
IPR008417,1219
IPR008424,1220
IPR008428,1221
IPR008431,1222
IPR008465,1223
IPR008504,1224
IPR008519,1225
IPR008559,1226
IPR008568,1227
IPR008608,1228
IPR008614,1229
IPR008628,1230
IPR008661,1231
IPR008664,1232
IPR008733,1233
IPR008734,1234
IPR008753,1235
IPR008828,1236
IPR008849,1237
IPR008853,1238
IPR008855,1239
IPR008856,1240
IPR008883,1241
IPR008901,1242
IPR008917,1243
IPR008922,1244
IPR008928,1245
IPR008930,1246
IPR008936,1247
IPR008937,1248
IPR008942,1249
IPR008949,1250
IPR008952,1251
IPR008954,1252
IPR008958,1253
IPR008964,1254
IPR008969,1255
IPR008972,1256
IPR008974,1257
IPR008977,1258
IPR008979,1259
IPR008983,1260
IPR008984,1261
IPR008989,1262
IPR008991,1263
IPR009000,1264
IPR009003,1265
IPR009011,1266
IPR009019,1267
IPR009023,1268
IPR009028,1269
IPR009029,1270
IPR009030,1271
IPR009033,1272
IPR009038,1273
IPR009045,1274
IPR009048,1275
IPR009051,1276
IPR009057,1277
IPR009076,1278
IPR009078,1279
IPR009079,1280
IPR009091,1281
IPR009097,1282
IPR009109,1283
IPR009119,1284
IPR009120,1285
IPR009121,1286
IPR009122,1287
IPR009123,1288
IPR009126,1289
IPR009132,1290
IPR009133,1291
IPR009135,1292
IPR009136,1293
IPR009137,1294
IPR009138,1295
IPR009147,1296
IPR009150,1297
IPR009167,1298
IPR009223,1299
IPR009224,1300
IPR009234,1301
IPR009262,1302
IPR009283,1303
IPR009294,1304
IPR009316,1305
IPR009357,1306
IPR009361,1307
IPR009398,1308
IPR009436,1309
IPR009445,1310
IPR009460,1311
IPR009551,1312
IPR009581,1313
IPR009613,1314
IPR009637,1315
IPR009653,1316
IPR009716,1317
IPR009724,1318
IPR009779,1319
IPR009790,1320
IPR009851,1321
IPR009861,1322
IPR009890,1323
IPR009904,1324
IPR009914,1325
IPR009947,1326
IPR010255,1327
IPR010291,1328
IPR010335,1329
IPR010407,1330
IPR010439,1331
IPR010449,1332
IPR010457,1333
IPR010472,1334
IPR010473,1335
IPR010474,1336
IPR010506,1337
IPR010510,1338
IPR010513,1339
IPR010526,1340
IPR010530,1341
IPR010560,1342
IPR010569,1343
IPR010579,1344
IPR010599,1345
IPR010660,1346
IPR010703,1347
IPR010714,1348
IPR010740,1349
IPR010797,1350
IPR010844,1351
IPR010908,1352
IPR010911,1353
IPR010926,1354
IPR010987,1355
IPR010997,1356
IPR010999,1357
IPR011009,1358
IPR011011,1359
IPR011012,1360
IPR011013,1361
IPR011015,1362
IPR011016,1363
IPR011020,1364
IPR011025,1365
IPR011029,1366
IPR011032,1367
IPR011037,1368
IPR011040,1369
IPR011042,1370
IPR011043,1371
IPR011047,1372
IPR011048,1373
IPR011051,1374
IPR011061,1375
IPR011072,1376
IPR011074,1377
IPR011106,1378
IPR011143,1379
IPR011161,1380
IPR011162,1381
IPR011174,1382
IPR011178,1383
IPR011249,1384
IPR011259,1385
IPR011281,1386
IPR011333,1387
IPR011365,1388
IPR011388,1389
IPR011417,1390
IPR011489,1391
IPR011500,1392
IPR011527,1393
IPR011531,1394
IPR011537,1395
IPR011538,1396
IPR011545,1397
IPR011546,1398
IPR011547,1399
IPR011555,1400
IPR011566,1401
IPR011598,1402
IPR011613,1403
IPR011625,1404
IPR011626,1405
IPR011641,1406
IPR011642,1407
IPR011645,1408
IPR011651,1409
IPR011656,1410
IPR011657,1411
IPR011658,1412
IPR011678,1413
IPR011701,1414
IPR011710,1415
IPR011765,1416
IPR011893,1417
IPR011989,1418
IPR011990,1419
IPR011992,1420
IPR011993,1421
IPR012013,1422
IPR012144,1423
IPR012151,1424
IPR012162,1425
IPR012163,1426
IPR012227,1427
IPR012234,1428
IPR012265,1429
IPR012295,1430
IPR012317,1431
IPR012340,1432
IPR012341,1433
IPR012399,1434
IPR012404,1435
IPR012429,1436
IPR012430,1437
IPR012496,1438
IPR012560,1439
IPR012561,1440
IPR012675,1441
IPR012677,1442
IPR012858,1443
IPR012896,1444
IPR012897,1445
IPR012919,1446
IPR012929,1447
IPR012932,1448
IPR012936,1449
IPR012945,1450
IPR012968,1451
IPR012990,1452
IPR013017,1453
IPR013026,1454
IPR013032,1455
IPR013037,1456
IPR013040,1457
IPR013041,1458
IPR013057,1459
IPR013083,1460
IPR013086,1461
IPR013087,1462
IPR013088,1463
IPR013092,1464
IPR013094,1465
IPR013098,1466
IPR013099,1467
IPR013106,1468
IPR013111,1469
IPR013112,1470
IPR013121,1471
IPR013122,1472
IPR013124,1473
IPR013130,1474
IPR013147,1475
IPR013149,1476
IPR013151,1477
IPR013154,1478
IPR013162,1479
IPR013164,1480
IPR013167,1481
IPR013174,1482
IPR013270,1483
IPR013280,1484
IPR013284,1485
IPR013287,1486
IPR013295,1487
IPR013305,1488
IPR013306,1489
IPR013310,1490
IPR013311,1491
IPR013312,1492
IPR013313,1493
IPR013320,1494
IPR013333,1495
IPR013517,1496
IPR013518,1497
IPR013519,1498
IPR013525,1499
IPR013543,1500
IPR013548,1501
IPR013555,1502
IPR013568,1503
IPR013599,1504
IPR013600,1505
IPR013606,1506
IPR013612,1507
IPR013621,1508
IPR013642,1509
IPR013649,1510
IPR013657,1511
IPR013662,1512
IPR013673,1513
IPR013698,1514
IPR013761,1515
IPR013763,1516
IPR013768,1517
IPR013769,1518
IPR013780,1519
IPR013783,1520
IPR013784,1521
IPR013785,1522
IPR013787,1523
IPR013803,1524
IPR013806,1525
IPR013808,1526
IPR013809,1527
IPR013815,1528
IPR013818,1529
IPR013819,1530
IPR013821,1531
IPR013836,1532
IPR013842,1533
IPR013866,1534
IPR013880,1535
IPR013919,1536
IPR013937,1537
IPR013980,1538
IPR014001,1539
IPR014006,1540
IPR014009,1541
IPR014010,1542
IPR014014,1543
IPR014029,1544
IPR014044,1545
IPR014314,1546
IPR014352,1547
IPR014371,1548
IPR014375,1549
IPR014376,1550
IPR014430,1551
IPR014472,1552
IPR014536,1553
IPR014637,1554
IPR014645,1555
IPR014648,1556
IPR014710,1557
IPR014712,1558
IPR014716,1559
IPR014722,1560
IPR014743,1561
IPR014745,1562
IPR014746,1563
IPR014752,1564
IPR014756,1565
IPR014767,1566
IPR014768,1567
IPR014770,1568
IPR014772,1569
IPR014775,1570
IPR014782,1571
IPR014783,1572
IPR014784,1573
IPR014788,1574
IPR014815,1575
IPR014821,1576
IPR014830,1577
IPR014836,1578
IPR014847,1579
IPR014853,1580
IPR014868,1581
IPR014873,1582
IPR014908,1583
IPR014930,1584
IPR015007,1585
IPR015008,1586
IPR015009,1587
IPR015013,1588
IPR015015,1589
IPR015019,1590
IPR015022,1591
IPR015042,1592
IPR015063,1593
IPR015076,1594
IPR015098,1595
IPR015116,1596
IPR015127,1597
IPR015132,1598
IPR015145,1599
IPR015149,1600
IPR015151,1601
IPR015152,1602
IPR015153,1603
IPR015154,1604
IPR015169,1605
IPR015224,1606
IPR015274,1607
IPR015276,1608
IPR015319,1609
IPR015321,1610
IPR015338,1611
IPR015348,1612
IPR015352,1613
IPR015359,1614
IPR015373,1615
IPR015382,1616
IPR015404,1617
IPR015415,1618
IPR015421,1619
IPR015424,1620
IPR015425,1621
IPR015433,1622
IPR015436,1623
IPR015437,1624
IPR015439,1625
IPR015442,1626
IPR015449,1627
IPR015468,1628
IPR015482,1629
IPR015484,1630
IPR015485,1631
IPR015486,1632
IPR015497,1633
IPR015500,1634
IPR015501,1635
IPR015502,1636
IPR015504,1637
IPR015506,1638
IPR015512,1639
IPR015514,1640
IPR015526,1641
IPR015565,1642
IPR015570,1643
IPR015573,1644
IPR015606,1645
IPR015621,1646
IPR015628,1647
IPR015632,1648
IPR015639,1649
IPR015669,1650
IPR015679,1651
IPR015685,1652
IPR015714,1653
IPR015717,1654
IPR015718,1655
IPR015720,1656
IPR015752,1657
IPR015754,1658
IPR015770,1659
IPR015771,1660
IPR015797,1661
IPR015798,1662
IPR015800,1663
IPR015802,1664
IPR015812,1665
IPR015847,1666
IPR015848,1667
IPR015849,1668
IPR015876,1669
IPR015894,1670
IPR015898,1671
IPR015915,1672
IPR015919,1673
IPR015939,1674
IPR015940,1675
IPR015943,1676
IPR015946,1677
IPR016014,1678
IPR016015,1679
IPR016016,1680
IPR016017,1681
IPR016024,1682
IPR016025,1683
IPR016035,1684
IPR016054,1685
IPR016064,1686
IPR016090,1687
IPR016093,1688
IPR016098,1689
IPR016130,1690
IPR016135,1691
IPR016137,1692
IPR016152,1693
IPR016181,1694
IPR016182,1695
IPR016185,1696
IPR016186,1697
IPR016187,1698
IPR016201,1699
IPR016235,1700
IPR016237,1701
IPR016244,1702
IPR016245,1703
IPR016246,1704
IPR016247,1705
IPR016248,1706
IPR016249,1707
IPR016250,1708
IPR016251,1709
IPR016257,1710
IPR016272,1711
IPR016275,1712
IPR016280,1713
IPR016292,1714
IPR016313,1715
IPR016315,1716
IPR016316,1717
IPR016317,1718
IPR016332,1719
IPR016334,1720
IPR016335,1721
IPR016336,1722
IPR016337,1723
IPR016341,1724
IPR016342,1725
IPR016343,1726
IPR016348,1727
IPR016391,1728
IPR016447,1729
IPR016449,1730
IPR016453,1731
IPR016460,1732
IPR016464,1733
IPR016469,1734
IPR016534,1735
IPR016555,1736
IPR016577,1737
IPR016579,1738
IPR016635,1739
IPR016636,1740
IPR016668,1741
IPR016669,1742
IPR016698,1743
IPR016708,1744
IPR016719,1745
IPR016720,1746
IPR016900,1747
IPR016973,1748
IPR017047,1749
IPR017049,1750
IPR017052,1751
IPR017073,1752
IPR017104,1753
IPR017105,1754
IPR017106,1755
IPR017107,1756
IPR017118,1757
IPR017128,1758
IPR017157,1759
IPR017165,1760
IPR017176,1761
IPR017194,1762
IPR017213,1763
IPR017241,1764
IPR017242,1765
IPR017246,1766
IPR017268,1767
IPR017300,1768
IPR017324,1769
IPR017329,1770
IPR017341,1771
IPR017349,1772
IPR017351,1773
IPR017355,1774
IPR017358,1775
IPR017360,1776
IPR017363,1777
IPR017365,1778
IPR017373,1779
IPR017375,1780
IPR017379,1781
IPR017389,1782
IPR017419,1783
IPR017421,1784
IPR017438,1785
IPR017441,1786
IPR017448,1787
IPR017452,1788
IPR017454,1789
IPR017455,1790
IPR017766,1791
IPR017782,1792
IPR017850,1793
IPR017853,1794
IPR017857,1795
IPR017868,1796
IPR017871,1797
IPR017873,1798
IPR017874,1799
IPR017884,1800
IPR017892,1801
IPR017896,1802
IPR017898,1803
IPR017899,1804
IPR017900,1805
IPR017901,1806
IPR017904,1807
IPR017907,1808
IPR017916,1809
IPR017927,1810
IPR017938,1811
IPR017945,1812
IPR017946,1813
IPR017957,1814
IPR017969,1815
IPR017972,1816
IPR017974,1817
IPR017977,1818
IPR017978,1819
IPR017979,1820
IPR017981,1821
IPR017983,1822
IPR017986,1823
IPR017990,1824
IPR017997,1825
IPR018000,1826
IPR018039,1827
IPR018045,1828
IPR018056,1829
IPR018066,1830
IPR018080,1831
IPR018083,1832
IPR018097,1833
IPR018107,1834
IPR018108,1835
IPR018114,1836
IPR018119,1837
IPR018120,1838
IPR018124,1839
IPR018134,1840
IPR018143,1841
IPR018155,1842
IPR018159,1843
IPR018184,1844
IPR018200,1845
IPR018212,1846
IPR018240,1847
IPR018241,1848
IPR018243,1849
IPR018244,1850
IPR018247,1851
IPR018250,1852
IPR018253,1853
IPR018270,1854
IPR018293,1855
IPR018295,1856
IPR018297,1857
IPR018299,1858
IPR018303,1859
IPR018333,1860
IPR018338,1861
IPR018343,1862
IPR018358,1863
IPR018361,1864
IPR018363,1865
IPR018378,1866
IPR018391,1867
IPR018396,1868
IPR018397,1869
IPR018410,1870
IPR018416,1871
IPR018422,1872
IPR018429,1873
IPR018430,1874
IPR018456,1875
IPR018460,1876
IPR018469,1877
IPR018483,1878
IPR018484,1879
IPR018485,1880
IPR018486,1881
IPR018487,1882
IPR018488,1883
IPR018490,1884
IPR018491,1885
IPR018494,1886
IPR018495,1887
IPR018497,1888
IPR018498,1889
IPR018499,1890
IPR018503,1891
IPR018506,1892
IPR018515,1893
IPR018520,1894
IPR018629,1895
IPR018711,1896
IPR018781,1897
IPR018808,1898
IPR018884,1899
IPR018936,1900
IPR018937,1901
IPR018938,1902
IPR018941,1903
IPR018947,1904
IPR018957,1905
IPR018979,1906
IPR018980,1907
IPR018996,1908
IPR019003,1909
IPR019008,1910
IPR019011,1911
IPR019013,1912
IPR019018,1913
IPR019023,1914
IPR019164,1915
IPR019168,1916
IPR019170,1917
IPR019172,1918
IPR019185,1919
IPR019319,1920
IPR019325,1921
IPR019335,1922
IPR019357,1923
IPR019377,1924
IPR019379,1925
IPR019383,1926
IPR019388,1927
IPR019401,1928
IPR019402,1929
IPR019452,1930
IPR019453,1931
IPR019465,1932
IPR019477,1933
IPR019497,1934
IPR019498,1935
IPR019540,1936
IPR019543,1937
IPR019547,1938
IPR019554,1939
IPR019558,1940
IPR019561,1941
IPR019566,1942
IPR019568,1943
IPR019570,1944
IPR019575,1945
IPR019583,1946
IPR019588,1947
IPR019590,1948
IPR019594,1949
IPR019734,1950
IPR019735,1951
IPR019736,1952
IPR019738,1953
IPR019742,1954
IPR019744,1955
IPR019745,1956
IPR019747,1957
IPR019748,1958
IPR019749,1959
IPR019762,1960
IPR019765,1961
IPR019769,1962
IPR019772,1963
IPR019775,1964
IPR019791,1965
IPR019803,1966
IPR019804,1967
IPR019819,1968
IPR019826,1969
IPR019845,1970
IPR019954,1971
IPR020003,1972
IPR020064,1973
IPR020067,1974
IPR020189,1975
IPR020411,1976
IPR020413,1977
IPR020416,1978
IPR020419,1979
IPR020420,1980
IPR020422,1981
IPR020435,1982
IPR020445,1983
IPR020446,1984
IPR020454,1985
IPR020455,1986
IPR020461,1987
IPR020464,1988
IPR020465,1989
IPR020467,1990
IPR020469,1991
IPR020472,1992
IPR020550,1993
IPR020568,1994
IPR020590,1995
IPR020611,1996
IPR020630,1997
IPR020631,1998
IPR020635,1999
IPR020683,2000
IPR020684,2001
IPR020717,2002
IPR020726,2003
IPR020731,2004
IPR020776,2005
IPR020777,2006
IPR020833,2007
IPR020834,2008
IPR020843,2009
IPR020845,2010
IPR020846,2011
IPR020849,2012
IPR020850,2013
IPR020859,2014
IPR020863,2015
IPR020864,2016
IPR020867,2017
IPR020892,2018
IPR020894,2019
IPR020897,2020
IPR020898,2021
IPR020901,2022
IPR020903,2023
IPR020904,2024
IPR020969,2025
IPR021105,2026
IPR021109,2027
IPR021115,2028
IPR021126,2029
IPR021133,2030
IPR021134,2031
IPR021149,2032
IPR021158,2033
IPR021184,2034
IPR021185,2035
IPR021190,2036
IPR021520,2037
IPR021613,2038
IPR021619,2039
IPR021640,2040
IPR021645,2041
IPR021663,2042
IPR021805,2043
IPR021850,2044
IPR021930,2045
IPR021963,2046
IPR021967,2047
IPR021978,2048
IPR022033,2049
IPR022041,2050
IPR022065,2051
IPR022075,2052
IPR022078,2053
IPR022096,2054
IPR022141,2055
IPR022165,2056
IPR022170,2057
IPR022241,2058
IPR022248,2059
IPR022284,2060
IPR022316,2061
IPR022318,2062
IPR022325,2063
IPR022328,2064
IPR022329,2065
IPR022331,2066
IPR022333,2067
IPR022335,2068
IPR022336,2069
IPR022343,2070
IPR022347,2071
IPR022355,2072
IPR022357,2073
IPR022365,2074
IPR022398,2075
IPR022408,2076
IPR022409,2077
IPR022413,2078
IPR022414,2079
IPR022415,2080
IPR022557,2081
IPR022579,2082
IPR022708,2083
IPR022726,2084
IPR022764,2085
IPR022772,2086
IPR022775,2087
IPR022812,2088
IPR022879,2089
IPR022885,2090
IPR022967,2091
IPR023074,2092
IPR023076,2093
IPR023088,2094
IPR023142,2095
IPR023152,2096
IPR023173,2097
IPR023174,2098
IPR023201,2099
IPR023214,2100
IPR023271,2101
IPR023274,2102
IPR023275,2103
IPR023276,2104
IPR023277,2105
IPR023282,2106
IPR023298,2107
IPR023299,2108
IPR023313,2109
IPR023337,2110
IPR023352,2111
IPR023362,2112
IPR023393,2113
IPR023395,2114
IPR023415,2115
IPR023420,2116
IPR023561,2117
IPR023578,2118
IPR023608,2119
IPR023610,2120
IPR023614,2121
IPR023754,2122
IPR023827,2123
IPR023828,2124
IPR024041,2125
IPR024048,2126
IPR024053,2127
IPR024066,2128
IPR024079,2129
IPR024111,2130
IPR024113,2131
IPR024128,2132
IPR024133,2133
IPR024178,2134
IPR024204,2135
IPR024298,2136
IPR024329,2137
IPR024340,2138
IPR024548,2139
IPR024571,2140
IPR024580,2141
IPR024583,2142
IPR024584,2143
IPR024585,2144
IPR024587,2145
IPR024600,2146
IPR024602,2147
IPR024603,2148
IPR024605,2149
IPR024635,2150
IPR024641,2151
IPR024654,2152
IPR024679,2153
IPR024731,2154
IPR024736,2155
IPR024739,2156
IPR024829,2157
IPR024836,2158
IPR024858,2159
IPR024862,2160
IPR024864,2161
IPR024866,2162
IPR024869,2163
IPR024880,2164
IPR024886,2165
IPR024928,2166
IPR024939,2167
IPR024958,2168
IPR024977,2169
IPR025110,2170
IPR025192,2171
IPR025202,2172
IPR025256,2173
IPR025615,2174
IPR025655,2175
IPR025659,2176
IPR025662,2177
IPR025712,2178
IPR025749,2179
IPR025754,2180
IPR025770,2181
IPR025799,2182
IPR025837,2183
IPR025871,2184
IPR025875,2185
IPR025929,2186
IPR025958,2187
IPR026028,2188
IPR026046,2189
IPR026071,2190
IPR026082,2191
IPR026116,2192
IPR026120,2193
IPR026139,2194
IPR026143,2195
IPR026151,2196
IPR026158,2197
IPR026181,2198
IPR026187,2199
IPR026193,2200
IPR026195,2201
IPR026200,2202
IPR026202,2203
IPR026208,2204
IPR026209,2205
IPR026218,2206
IPR026219,2207
IPR026228,2208
IPR026229,2209
IPR026230,2210
IPR026232,2211
IPR026234,2212
IPR026252,2213
IPR026255,2214
IPR026298,2215
IPR026500,2216
IPR026510,2217
IPR026524,2218
IPR026543,2219
IPR026544,2220
IPR026550,2221
IPR026553,2222
IPR026609,2223
IPR026627,2224
IPR026637,2225
IPR026643,2226
IPR026664,2227
IPR026683,2228
IPR026705,2229
IPR026721,2230
IPR026729,2231
IPR026739,2232
IPR026740,2233
IPR026784,2234
IPR026791,2235
IPR026799,2236
IPR026818,2237
IPR026823,2238
IPR026830,2239
IPR026831,2240
IPR026837,2241
IPR026856,2242
IPR026858,2243
IPR026859,2244
IPR026878,2245
IPR026882,2246
IPR026895,2247
IPR026906,2248
IPR026910,2249
IPR026914,2250
IPR026915,2251
IPR026944,2252
IPR026946,2253
IPR026965,2254
IPR026966,2255
IPR026984,2256
IPR027005,2257
IPR027007,2258
IPR027053,2259
IPR027057,2260
IPR027059,2261
IPR027067,2262
IPR027068,2263
IPR027071,2264
IPR027089,2265
IPR027094,2266
IPR027096,2267
IPR027098,2268
IPR027100,2269
IPR027101,2270
IPR027107,2271
IPR027121,2272
IPR027137,2273
IPR027138,2274
IPR027143,2275
IPR027146,2276
IPR027156,2277
IPR027173,2278
IPR027178,2279
IPR027193,2280
IPR027231,2281
IPR027234,2282
IPR027246,2283
IPR027256,2284
IPR027258,2285
IPR027262,2286
IPR027263,2287
IPR027264,2288
IPR027267,2289
IPR027272,2290
IPR027288,2291
IPR027290,2292
IPR027294,2293
IPR027309,2294
IPR027313,2295
IPR027336,2296
IPR027338,2297
IPR027345,2298
IPR027347,2299
IPR027348,2300
IPR027349,2301
IPR027357,2302
IPR027359,2303
IPR027397,2304
IPR027408,2305
IPR027417,2306
IPR027422,2307
IPR027425,2308
IPR027428,2309
IPR027430,2310
IPR027436,2311
IPR027443,2312
IPR027468,2313
IPR027469,2314
IPR027477,2315
IPR027482,2316
IPR027483,2317
IPR027484,2318
IPR027496,2319
IPR027540,2320
IPR027545,2321
IPR027657,2322
IPR027661,2323
IPR027669,2324
IPR027670,2325
IPR027673,2326
IPR027676,2327
IPR027677,2328
IPR027681,2329
IPR027705,2330
IPR027731,2331
IPR027766,2332
IPR027772,2333
IPR027773,2334
IPR027789,2335
IPR027791,2336
IPR027809,2337
IPR027833,2338
IPR027841,2339
IPR027936,2340
IPR027995,2341
IPR028016,2342
IPR028017,2343
IPR028055,2344
IPR028082,2345
IPR028119,2346
IPR028133,2347
IPR028137,2348
IPR028169,2349
IPR028174,2350
IPR028199,2351
IPR028209,2352
IPR028258,2353
IPR028325,2354
IPR028326,2355
IPR028334,2356
IPR028335,2357
IPR028336,2358
IPR028338,2359
IPR028339,2360
IPR028353,2361
IPR028361,2362
IPR028375,2363
IPR028378,2364
IPR028412,2365
IPR028428,2366
IPR028433,2367
IPR028435,2368
IPR028443,2369
IPR028453,2370
IPR028460,2371
IPR028474,2372
IPR028503,2373
IPR028506,2374
IPR028515,2375
IPR028523,2376
IPR028532,2377
IPR028534,2378
IPR028535,2379
IPR028536,2380
IPR028539,2381
IPR028546,2382
IPR028550,2383
IPR028552,2384
IPR028565,2385
IPR028634,2386
IPR028644,2387
IPR028646,2388
IPR028653,2389
IPR028654,2390
IPR028656,2391
IPR028657,2392
IPR028660,2393
IPR028661,2394
IPR028662,2395
IPR028666,2396
IPR028687,2397
IPR028697,2398
IPR028712,2399
IPR028714,2400
IPR028723,2401
IPR028726,2402
IPR028729,2403
IPR028731,2404
IPR028744,2405
IPR028746,2406
IPR028777,2407
IPR028779,2408
IPR028792,2409
IPR028801,2410
IPR028803,2411
IPR028812,2412
IPR028813,2413
IPR028837,2414
IPR028838,2415
IPR028846,2416
IPR028866,2417
IPR028889,2418
IPR028893,2419
IPR028927,2420
IPR028934,2421
IPR028939,2422
IPR028994,2423
IPR029000,2424
IPR029006,2425
IPR029008,2426
IPR029012,2427
IPR029014,2428
IPR029016,2429
IPR029020,2430
IPR029021,2431
IPR029028,2432
IPR029033,2433
IPR029035,2434
IPR029039,2435
IPR029044,2436
IPR029052,2437
IPR029055,2438
IPR029058,2439
IPR029060,2440
IPR029063,2441
IPR029071,2442
IPR029149,2443
IPR029255,2444
IPR029273,2445
IPR029318,2446
IPR029390,2447
IPR029392,2448
IPR029394,2449
IPR029399,2450
IPR029403,2451
IPR029405,2452
IPR029446,2453
IPR029485,2454
IPR029513,2455
IPR029568,2456
IPR029569,2457
IPR029576,2458
IPR029580,2459
IPR029581,2460
IPR029583,2461
IPR029589,2462
IPR029594,2463
IPR029595,2464
IPR029597,2465
IPR029615,2466
IPR029650,2467
IPR029666,2468
IPR029695,2469
IPR029696,2470
IPR029727,2471
IPR029734,2472
IPR029735,2473
IPR029737,2474
IPR029787,2475
IPR029801,2476
IPR029804,2477
IPR029806,2478
IPR029807,2479
IPR029808,2480
IPR029809,2481
IPR029847,2482
IPR029848,2483
IPR029850,2484
IPR029852,2485
IPR029865,2486
IPR029867,2487
IPR029869,2488
IPR029873,2489
IPR029886,2490
IPR029945,2491
IPR029952,2492
IPR029954,2493
IPR029956,2494
IPR029998,2495
IPR029999,2496
IPR030021,2497
IPR030025,2498
IPR030033,2499
IPR030035,2500
IPR030045,2501
IPR030046,2502
IPR030049,2503
IPR030051,2504
IPR030053,2505
IPR030055,2506
IPR030105,2507
IPR030116,2508
IPR030118,2509
IPR030121,2510
IPR030122,2511
IPR030126,2512
IPR030128,2513
IPR030162,2514
IPR030164,2515
IPR030169,2516
IPR030170,2517
IPR030171,2518
IPR030172,2519
IPR030193,2520
IPR030195,2521
IPR030197,2522
IPR030207,2523
IPR030208,2524
IPR030212,2525
IPR030220,2526
IPR030232,2527
IPR030236,2528
IPR030238,2529
IPR030240,2530
IPR030248,2531
IPR030251,2532
IPR030254,2533
IPR030256,2534
IPR030260,2535
IPR030272,2536
IPR030275,2537
IPR030280,2538
IPR030289,2539
IPR030292,2540
IPR030297,2541
IPR030302,2542
IPR030303,2543
IPR030305,2544
IPR030318,2545
IPR030320,2546
IPR030321,2547
IPR030322,2548
IPR030323,2549
IPR030329,2550
IPR030336,2551
IPR030345,2552
IPR030347,2553
IPR030349,2554
IPR030355,2555
IPR030357,2556
IPR030358,2557
IPR030359,2558
IPR030360,2559
IPR030361,2560
IPR030362,2561
IPR030363,2562
IPR030365,2563
IPR030366,2564
IPR030369,2565
IPR030378,2566
IPR030381,2567
IPR030386,2568
IPR030388,2569
IPR030395,2570
IPR030398,2571
IPR030417,2572
IPR030418,2573
IPR030420,2574
IPR030422,2575
IPR030423,2576
IPR030424,2577
IPR030425,2578
IPR030426,2579
IPR030427,2580
IPR030428,2581
IPR030457,2582
IPR030458,2583
IPR030459,2584
IPR030461,2585
IPR030463,2586
IPR030470,2587
IPR030472,2588
IPR030479,2589
IPR030514,2590
IPR030528,2591
IPR030544,2592
IPR030556,2593
IPR030561,2594
IPR030564,2595
IPR030567,2596
IPR030587,2597
IPR030590,2598
IPR030610,2599
IPR030639,2600
IPR030658,2601
IPR030659,2602
IPR030672,2603
IPR030681,2604
IPR030687,2605
IPR030697,2606
IPR030702,2607
IPR030720,2608
IPR030744,2609
IPR030756,2610
IPR030757,2611
IPR030759,2612
IPR030760,2613
IPR030764,2614
IPR030766,2615
IPR030778,2616
IPR030779,2617
IPR030781,2618
IPR030782,2619
IPR030783,2620
IPR030786,2621
IPR030787,2622
IPR030788,2623
IPR030789,2624
IPR030790,2625
IPR031092,2626
IPR031127,2627
IPR031148,2628
IPR031152,2629
IPR031153,2630
IPR031157,2631
IPR031160,2632
IPR031176,2633
IPR031177,2634
IPR031180,2635
IPR031181,2636
IPR031183,2637
IPR031188,2638
IPR031190,2639
IPR031194,2640
IPR031196,2641
IPR031197,2642
IPR031199,2643
IPR031200,2644
IPR031201,2645
IPR031224,2646
IPR031237,2647
IPR031239,2648
IPR031245,2649
IPR031255,2650
IPR031287,2651
IPR031294,2652
IPR031296,2653
IPR031312,2654
IPR031313,2655
IPR031315,2656
IPR031328,2657
IPR031329,2658
IPR031331,2659
IPR031334,2660
IPR031335,2661
IPR031356,2662
IPR031357,2663
IPR031358,2664
IPR031431,2665
IPR031468,2666
IPR031481,2667
IPR031567,2668
IPR031597,2669
IPR031631,2670
IPR031635,2671
IPR031649,2672
IPR031688,2673
IPR031692,2674
IPR031727,2675
IPR031777,2676
IPR031778,2677
IPR031805,2678
IPR031844,2679
IPR031846,2680
IPR031862,2681
IPR031896,2682
IPR031905,2683
IPR031951,2684
IPR031984,2685
IPR031994,2686
IPR032022,2687
IPR032023,2688
IPR032029,2689
IPR032038,2690
IPR032052,2691
IPR032078,2692
IPR032098,2693
IPR032103,2694
IPR032108,2695
IPR032154,2696
IPR032171,2697
IPR032190,2698
IPR032282,2699
IPR032341,2700
IPR032356,2701
IPR032362,2702
IPR032376,2703
IPR032393,2704
IPR032394,2705
IPR032406,2706
IPR032410,2707
IPR032412,2708
IPR032415,2709
IPR032416,2710
IPR032421,2711
IPR032425,2712
IPR032435,2713
IPR032452,2714
IPR032456,2715
IPR032460,2716
IPR032466,2717
IPR032471,2718
IPR032476,2719
IPR032485,2720
IPR032628,2721
IPR032630,2722
IPR032631,2723
IPR032675,2724
IPR032679,2725
IPR032695,2726
IPR032696,2727
IPR032697,2728
IPR032710,2729
IPR032738,2730
IPR032778,2731
IPR032803,2732
IPR032815,2733
IPR032816,2734
IPR032832,2735
IPR032835,2736
IPR032911,2737
IPR032913,2738
IPR032914,2739
IPR032920,2740
IPR032931,2741
IPR032932,2742
IPR032935,2743
IPR032943,2744
IPR032944,2745
IPR032945,2746
IPR032952,2747
IPR032958,2748
IPR032965,2749
IPR032978,2750
IPR032982,2751
IPR032990,2752
IPR032991,2753
IPR033012,2754
IPR033019,2755
IPR033022,2756
IPR033024,2757
IPR033026,2758
IPR033034,2759
IPR033076,2760
IPR033084,2761
IPR033085,2762
IPR033108,2763
IPR033112,2764
IPR033113,2765
IPR033116,2766
IPR033118,2767
IPR033121,2768
IPR033132,2769
IPR033137,2770
IPR033140,2771
IPR033150,2772
IPR033195,2773
IPR033215,2774
IPR033216,2775
IPR033221,2776
IPR033227,2777
IPR033230,2778
IPR033232,2779
IPR033239,2780
IPR033269,2781
IPR033288,2782
IPR033294,2783
IPR033301,2784
IPR033306,2785
IPR033308,2786
IPR033321,2787
IPR033331,2788
IPR033370,2789
IPR033374,2790
IPR033379,2791
IPR033385,2792
IPR033452,2793
IPR033453,2794
IPR033484,2795
IPR033508,2796
IPR033522,2797
IPR033523,2798
IPR033534,2799
IPR033548,2800
IPR033562,2801
IPR033567,2802
IPR033571,2803
IPR033580,2804
IPR033596,2805
IPR033605,2806
IPR033627,2807
IPR033628,2808
IPR033644,2809
IPR033659,2810
IPR033675,2811
IPR033677,2812
IPR033678,2813
IPR033679,2814
IPR033680,2815
IPR033681,2816
IPR033739,2817
IPR033740,2818
IPR033760,2819
IPR033772,2820
IPR033842,2821
IPR033874,2822
IPR033895,2823
IPR033903,2824
IPR033904,2825
IPR033906,2826
IPR033923,2827
IPR033931,2828
IPR033958,2829
IPR033986,2830
IPR033989,2831
IPR033991,2832
IPR033992,2833
IPR033993,2834
IPR033994,2835
IPR033996,2836
IPR033997,2837
IPR033998,2838
IPR033999,2839
IPR034000,2840
IPR034002,2841
IPR034010,2842
IPR034011,2843
IPR034016,2844
IPR034017,2845
IPR034018,2846
IPR034020,2847
IPR034021,2848
IPR034022,2849
IPR034024,2850
IPR034025,2851
IPR034027,2852
IPR034029,2853
IPR034038,2854
IPR034046,2855
IPR034048,2856
IPR034050,2857
IPR034113,2858
IPR034114,2859
IPR034118,2860
IPR034127,2861
IPR034182,2862
IPR034185,2863
IPR034238,2864
IPR034245,2865
IPR034251,2866
IPR034252,2867
IPR034255,2868
IPR034263,2869
IPR034266,2870
IPR034290,2871
IPR034294,2872
IPR034299,2873
IPR034300,2874
IPR034301,2875
IPR034302,2876
IPR034321,2877
IPR034336,2878
IPR034394,2879
IPR034592,2880
IPR034634,2881
IPR034663,2882
IPR034667,2883
IPR034668,2884
IPR034673,2885
IPR034677,2886
IPR034746,2887
IPR034764,2888
IPR034765,2889
IPR034766,2890
IPR034783,2891
IPR034804,2892
IPR034821,2893
IPR034901,2894
IPR034902,2895
IPR034905,2896
IPR034908,2897
IPR034994,2898
IPR034997,2899
IPR035014,2900
IPR035032,2901
IPR035034,2902
IPR035035,2903
IPR035040,2904
IPR035045,2905
IPR035064,2906
IPR035065,2907
IPR035091,2908
IPR035427,2909
IPR035436,2910
IPR035438,2911
IPR035470,2912
IPR035475,2913
IPR035493,2914
IPR035494,2915
IPR035500,2916
IPR035537,2917
IPR035557,2918
IPR035558,2919
IPR035572,2920
IPR035574,2921
IPR035579,2922
IPR035593,2923
IPR035594,2924
IPR035597,2925
IPR035598,2926
IPR035599,2927
IPR035601,2928
IPR035605,2929
IPR035647,2930
IPR035654,2931
IPR035656,2932
IPR035657,2933
IPR035664,2934
IPR035675,2935
IPR035677,2936
IPR035680,2937
IPR035683,2938
IPR035689,2939
IPR035692,2940
IPR035693,2941
IPR035695,2942
IPR035703,2943
IPR035704,2944
IPR035749,2945
IPR035758,2946
IPR035761,2947
IPR035762,2948
IPR035764,2949
IPR035768,2950
IPR035769,2951
IPR035770,2952
IPR035771,2953
IPR035772,2954
IPR035798,2955
IPR035824,2956
IPR035837,2957
IPR035838,2958
IPR035843,2959
IPR035849,2960
IPR035850,2961
IPR035851,2962
IPR035870,2963
IPR035871,2964
IPR035888,2965
IPR035892,2966
IPR035897,2967
IPR035899,2968
IPR035910,2969
IPR035914,2970
IPR035921,2971
IPR035940,2972
IPR035952,2973
IPR035963,2974
IPR035964,2975
IPR035965,2976
IPR035969,2977
IPR035972,2978
IPR035974,2979
IPR035976,2980
IPR035979,2981
IPR035983,2982
IPR035984,2983
IPR035986,2984
IPR035992,2985
IPR035993,2986
IPR035997,2987
IPR036002,2988
IPR036005,2989
IPR036010,2990
IPR036013,2991
IPR036020,2992
IPR036026,2993
IPR036028,2994
IPR036034,2995
IPR036036,2996
IPR036045,2997
IPR036047,2998
IPR036048,2999
IPR036055,3000
IPR036056,3001
IPR036058,3002
IPR036072,3003
IPR036084,3004
IPR036114,3005
IPR036116,3006
IPR036119,3007
IPR036122,3008
IPR036137,3009
IPR036149,3010
IPR036163,3011
IPR036168,3012
IPR036174,3013
IPR036175,3014
IPR036176,3015
IPR036179,3016
IPR036180,3017
IPR036181,3018
IPR036188,3019
IPR036195,3020
IPR036208,3021
IPR036223,3022
IPR036226,3023
IPR036238,3024
IPR036249,3025
IPR036258,3026
IPR036259,3027
IPR036273,3028
IPR036274,3029
IPR036278,3030
IPR036282,3031
IPR036284,3032
IPR036291,3033
IPR036300,3034
IPR036305,3035
IPR036322,3036
IPR036345,3037
IPR036349,3038
IPR036352,3039
IPR036361,3040
IPR036364,3041
IPR036365,3042
IPR036372,3043
IPR036375,3044
IPR036378,3045
IPR036383,3046
IPR036388,3047
IPR036390,3048
IPR036392,3049
IPR036396,3050
IPR036398,3051
IPR036400,3052
IPR036409,3053
IPR036412,3054
IPR036415,3055
IPR036424,3056
IPR036436,3057
IPR036443,3058
IPR036444,3059
IPR036445,3060
IPR036454,3061
IPR036456,3062
IPR036457,3063
IPR036458,3064
IPR036460,3065
IPR036465,3066
IPR036472,3067
IPR036476,3068
IPR036497,3069
IPR036509,3070
IPR036513,3071
IPR036517,3072
IPR036543,3073
IPR036595,3074
IPR036598,3075
IPR036609,3076
IPR036612,3077
IPR036638,3078
IPR036640,3079
IPR036645,3080
IPR036669,3081
IPR036691,3082
IPR036703,3083
IPR036719,3084
IPR036720,3085
IPR036723,3086
IPR036734,3087
IPR036738,3088
IPR036739,3089
IPR036757,3090
IPR036770,3091
IPR036772,3092
IPR036790,3093
IPR036802,3094
IPR036834,3095
IPR036837,3096
IPR036844,3097
IPR036850,3098
IPR036852,3099
IPR036857,3100
IPR036859,3101
IPR036860,3102
IPR036865,3103
IPR036866,3104
IPR036869,3105
IPR036871,3106
IPR036872,3107
IPR036873,3108
IPR036880,3109
IPR036886,3110
IPR036892,3111
IPR036903,3112
IPR036907,3113
IPR036915,3114
IPR036936,3115
IPR036938,3116
IPR036939,3117
IPR036940,3118
IPR036941,3119
IPR036943,3120
IPR036946,3121
IPR036959,3122
IPR036961,3123
IPR036964,3124
IPR036971,3125
IPR036985,3126
IPR036992,3127
IPR037014,3128
IPR037055,3129
IPR037065,3130
IPR037067,3131
IPR037071,3132
IPR037076,3133
IPR037085,3134
IPR037096,3135
IPR037099,3136
IPR037120,3137
IPR037139,3138
IPR037140,3139
IPR037162,3140
IPR037191,3141
IPR037193,3142
IPR037202,3143
IPR037206,3144
IPR037207,3145
IPR037213,3146
IPR037219,3147
IPR037225,3148
IPR037239,3149
IPR037245,3150
IPR037272,3151
IPR037278,3152
IPR037300,3153
IPR037307,3154
IPR037310,3155
IPR037313,3156
IPR037317,3157
IPR037324,3158
IPR037359,3159
IPR037363,3160
IPR037364,3161
IPR037368,3162
IPR037369,3163
IPR037413,3164
IPR037425,3165
IPR037426,3166
IPR037430,3167
IPR037437,3168
IPR037438,3169
IPR037449,3170
IPR037452,3171
IPR037457,3172
IPR037486,3173
IPR037487,3174
IPR037516,3175
IPR037518,3176
IPR037519,3177
IPR037524,3178
IPR037550,3179
IPR037565,3180
IPR037567,3181
IPR037586,3182
IPR037587,3183
IPR037596,3184
IPR037603,3185
IPR037606,3186
IPR037607,3187
IPR037608,3188
IPR037609,3189
IPR037636,3190
IPR037637,3191
IPR037665,3192
IPR037674,3193
IPR037676,3194
IPR037677,3195
IPR037684,3196
IPR037711,3197
IPR037716,3198
IPR037720,3199
IPR037721,3200
IPR037722,3201
IPR037723,3202
IPR037724,3203
IPR037725,3204
IPR037726,3205
IPR037733,3206
IPR037749,3207
IPR037751,3208
IPR037752,3209
IPR037777,3210
IPR037784,3211
IPR037789,3212
IPR037793,3213
IPR037805,3214
IPR037810,3215
IPR037811,3216
IPR037821,3217
IPR037822,3218
IPR037823,3219
IPR037831,3220
IPR037836,3221
IPR037837,3222
IPR037843,3223
IPR037844,3224
IPR037857,3225
IPR037858,3226
IPR037862,3227
IPR037872,3228
IPR037896,3229
IPR037899,3230
IPR037903,3231
IPR037909,3232
IPR037911,3233
IPR037918,3234
IPR037929,3235
IPR037930,3236
IPR037936,3237
IPR037947,3238
IPR037956,3239
IPR037958,3240
IPR037984,3241
IPR038081,3242
IPR038112,3243
IPR038113,3244
IPR038126,3245
IPR038132,3246
IPR038178,3247
IPR038207,3248
IPR038261,3249
IPR038274,3250
IPR038290,3251
IPR038322,3252
IPR038324,3253
IPR038330,3254
IPR038354,3255
IPR038357,3256
IPR038358,3257
IPR038359,3258
IPR038363,3259
IPR038377,3260
IPR038425,3261
IPR038445,3262
IPR038466,3263
IPR038508,3264
IPR038518,3265
IPR038532,3266
IPR038550,3267
IPR038554,3268
IPR038577,3269
IPR038578,3270
IPR038683,3271
IPR038684,3272
IPR038702,3273
IPR038742,3274
IPR038765,3275
IPR038770,3276
IPR038772,3277
IPR038829,3278
IPR038846,3279
IPR038851,3280
IPR038879,3281
IPR038887,3282
IPR038900,3283
IPR038957,3284
IPR038992,3285
IPR039005,3286
IPR039006,3287
IPR039007,3288
IPR039008,3289
IPR039010,3290
IPR039011,3291
IPR039016,3292
IPR039026,3293
IPR039031,3294
IPR039038,3295
IPR039046,3296
IPR039055,3297
IPR039056,3298
IPR039077,3299
IPR039090,3300
IPR039093,3301
IPR039125,3302
IPR039129,3303
IPR039132,3304
IPR039143,3305
IPR039163,3306
IPR039185,3307
IPR039205,3308
IPR039227,3309
IPR039237,3310
IPR039238,3311
IPR039261,3312
IPR039347,3313
IPR039357,3314
IPR039360,3315
IPR039373,3316
IPR039413,3317
IPR039421,3318
IPR039465,3319
IPR039497,3320
IPR039521,3321
IPR039527,3322
IPR039541,3323
IPR039542,3324
IPR039551,3325
IPR039591,3326
IPR039664,3327
IPR039665,3328
IPR039680,3329
IPR039689,3330
IPR039695,3331
IPR039728,3332
IPR039737,3333
IPR039751,3334
IPR039752,3335
IPR039766,3336
IPR039767,3337
IPR039808,3338
IPR039809,3339
IPR039810,3340
IPR039815,3341
IPR039888,3342
IPR039910,3343
IPR039937,3344
IPR039956,3345
IPR039959,3346
IPR039972,3347
IPR039980,3348
IPR039993,3349
IPR040011,3350
IPR040012,3351
IPR040079,3352
IPR040125,3353
IPR040145,3354
IPR040162,3355
IPR040179,3356
IPR040180,3357
IPR040196,3358
IPR040208,3359
IPR040216,3360
IPR040234,3361
IPR040250,3362
IPR040251,3363
IPR040253,3364
IPR040445,3365
IPR040455,3366
IPR040463,3367
IPR040566,3368
IPR040622,3369
IPR040665,3370
IPR040667,3371
IPR040675,3372
IPR040700,3373
IPR040723,3374
IPR040759,3375
IPR040790,3376
IPR040817,3377
IPR040839,3378
IPR040842,3379
IPR040844,3380
IPR040878,3381
IPR040901,3382
IPR040907,3383
IPR040911,3384
IPR040951,3385
IPR040969,3386
IPR040985,3387
IPR040990,3388
IPR040994,3389
IPR040997,3390
IPR041015,3391
IPR041019,3392
IPR041046,3393
IPR041137,3394
IPR041155,3395
IPR041159,3396
IPR041163,3397
IPR041182,3398
IPR041198,3399
IPR041201,3400
IPR041257,3401
IPR041281,3402
IPR041317,3403
IPR041348,3404
IPR041362,3405
IPR041381,3406
IPR041390,3407
IPR041416,3408
IPR041428,3409
IPR041448,3410
IPR041489,3411
IPR041491,3412
IPR041536,3413
IPR041545,3414
IPR041555,3415
IPR041569,3416
IPR041617,3417
IPR041630,3418
IPR041631,3419
IPR041647,3420
IPR041672,3421
IPR041681,3422
IPR041689,3423
IPR041691,3424
IPR041728,3425
IPR041762,3426
IPR041763,3427
IPR041769,3428
IPR041770,3429
IPR041771,3430
IPR041776,3431
IPR041779,3432
IPR041781,3433
IPR041783,3434
IPR041784,3435
IPR041789,3436
IPR041790,3437
IPR041791,3438
IPR041813,3439
IPR041815,3440
IPR041818,3441
IPR041819,3442
IPR041820,3443
IPR041822,3444
IPR041824,3445
IPR041826,3446
IPR041837,3447
IPR041838,3448
IPR041839,3449
IPR041840,3450
IPR041843,3451
IPR041847,3452
IPR041874,3453
IPR041885,3454
IPR041887,3455
IPR041911,3456
IPR041937,3457
IPR041946,3458
IPR042018,3459
IPR042026,3460
IPR042028,3461
IPR042055,3462
IPR042059,3463
IPR042060,3464
IPR042062,3465
IPR042089,3466
IPR042097,3467
IPR042099,3468
IPR042130,3469
IPR042131,3470
IPR042135,3471
IPR042136,3472
IPR042156,3473
IPR042169,3474
IPR042180,3475
IPR042190,3476
IPR042201,3477
IPR042231,3478
IPR042232,3479
IPR042280,3480
IPR042315,3481
IPR042336,3482
IPR042338,3483
IPR042339,3484
IPR042340,3485
IPR042341,3486
IPR042353,3487
IPR042355,3488
IPR042372,3489
IPR042373,3490
IPR042374,3491
IPR042375,3492
IPR042378,3493
IPR042379,3494
IPR042380,3495
IPR042381,3496
IPR042385,3497
IPR042405,3498
IPR042406,3499
IPR042425,3500
IPR042433,3501
IPR042455,3502
IPR042456,3503
IPR042465,3504
IPR042472,3505
IPR042474,3506
IPR042478,3507
IPR042491,3508
IPR042494,3509
IPR042502,3510
IPR042524,3511
IPR042531,3512
IPR042533,3513
IPR042537,3514
IPR042538,3515
IPR042700,3516
IPR042711,3517
IPR042718,3518
IPR042731,3519
IPR042735,3520
IPR042743,3521
IPR042804,3522
IPR042808,3523
IPR042821,3524
IPR042822,3525
IPR042824,3526
IPR042832,3527
IPR042836,3528
IPR042855,3529
IPR042863,3530
IPR042916,3531
IPR042948,3532
IPR042996,3533
IPR043046,3534
IPR043058,3535
IPR043127,3536
IPR043129,3537
IPR043130,3538
IPR043136,3539
IPR043137,3540
IPR043138,3541
IPR043145,3542
IPR043153,3543
IPR043154,3544
IPR043155,3545
IPR043161,3546
IPR043162,3547
IPR043202,3548
IPR043203,3549
IPR043204,3550
IPR043205,3551
IPR043210,3552
IPR043211,3553
IPR043226,3554
IPR043238,3555
IPR043315,3556
IPR043406,3557
IPR043458,3558
IPR043504,3559
IPR043512,3560
IPR043523,3561
IPR043532,3562
IPR043544,3563
IPR043546,3564
IPR043567,3565
IPR043582,3566
IPR043592,3567
IPR043593,3568
IPR043594,3569
IPR043926,3570
IPR043937,3571
IPR043976,3572
IPR044004,3573
IPR044066,3574
IPR044098,3575
IPR044111,3576
IPR044157,3577
IPR044492,3578
IPR044564,3579
IPR044568,3580
IPR044612,3581
IPR044635,3582
IPR044674,3583
IPR044677,3584
IPR044712,3585
