Uniprot ID,multipass membrane protein ,lipid-anchor ,single-pass type I membrane protein ,peripheral membrane protein ,single-pass type II membrane protein ,GPI-anchor
A4D1S5,0,1,0,0,0,0
A5D6W6,1,0,0,0,0,0
A5PLL7,1,0,0,0,0,0
A5X5Y0,1,0,0,0,0,0
A6BM72,0,0,1,0,0,0
A6ND48,1,0,0,0,0,0
A6NF89,1,0,0,0,0,0
A6NHA9,1,0,0,0,0,0
A6NI73,0,0,1,0,0,0
A6NM76,1,0,0,0,0,0
A6NMS3,1,0,0,0,0,0
A6NND4,1,0,0,0,0,0
A8K7I4,0,0,0,1,0,0
A8MQT2,0,0,0,1,0,0
A8MVW5,0,0,1,0,0,0
B0I1T2,0,0,0,1,0,0
O00155,1,0,0,0,0,0
O00161,0,1,0,1,0,0
O00168,0,0,1,0,0,0
O00203,0,0,0,1,0,0
O00206,0,0,1,0,0,0
O00212,0,1,0,0,0,0
O00220,0,0,1,0,0,0
O00237,1,0,0,0,0,0
O00254,1,0,0,0,0,0
O00270,1,0,0,0,0,0
O00294,0,0,0,1,0,0
O00322,1,0,0,0,0,0
O00337,1,0,0,0,0,0
O00341,1,0,0,0,0,0
O00398,1,0,0,0,0,0
O00408,0,1,0,0,0,0
O00421,1,0,0,0,0,0
O00429,0,0,0,1,0,0
O00461,0,0,0,0,1,0
O00469,0,0,0,1,0,0
O00476,1,0,0,0,0,0
O00483,0,0,0,1,0,0
O00522,0,0,0,1,0,0
O00548,0,0,1,0,0,0
O00555,1,0,0,0,0,0
O00560,0,0,0,1,0,0
O00562,0,0,0,1,0,0
O00574,1,0,0,0,0,0
O00591,1,0,0,0,0,0
O00623,1,0,0,0,0,0
O00624,1,0,0,0,0,0
O14520,1,0,0,0,0,0
O14521,1,0,0,0,0,0
O14522,0,0,1,0,0,0
O14526,0,0,0,1,0,0
O14579,0,0,0,1,0,0
O14610,0,1,0,0,0,0
O14613,0,0,0,1,0,0
O14617,0,0,0,1,0,0
O14626,1,0,0,0,0,0
O14640,0,0,0,1,0,0
O14641,0,0,0,1,0,0
O14654,0,0,0,1,0,0
O14669,0,0,1,0,0,0
O14672,0,0,1,0,0,0
O14678,1,0,0,0,0,0
O14681,1,0,0,0,0,0
O14684,1,0,0,0,0,0
O14745,0,0,0,1,0,0
O14756,0,0,0,1,0,0
O14763,0,0,1,0,0,0
O14764,1,0,0,0,0,0
O14786,0,0,1,0,0,0
O14788,0,0,0,0,1,0
O14804,1,0,0,0,0,0
O14807,0,1,0,0,0,0
O14817,1,0,0,0,0,0
O14827,0,0,0,1,0,0
O14828,1,0,0,0,0,0
O14842,1,0,0,0,0,0
O14894,1,0,0,0,0,0
O14907,0,0,0,1,0,0
O14908,0,0,0,1,0,0
O14910,0,0,0,1,0,0
O14931,0,0,1,0,0,0
O14944,0,0,1,0,0,0
O14964,0,0,0,1,0,0
O14967,0,0,1,0,0,0
O14975,1,0,0,0,0,0
O14994,0,0,0,1,0,0
O15027,0,0,0,1,0,0
O15031,0,0,1,0,0,0
O15049,0,0,0,1,0,0
O15118,1,0,0,0,0,0
O15121,1,0,0,0,0,0
O15127,1,0,0,0,0,0
O15162,0,0,0,0,1,0
O15197,0,0,1,0,0,0
O15218,1,0,0,0,0,0
O15228,0,0,0,1,0,0
O15229,1,0,0,0,0,0
O15245,1,0,0,0,0,0
O15258,1,0,0,0,0,0
O15260,1,0,0,0,0,0
O15303,1,0,0,0,0,0
O15321,1,0,0,0,0,0
O15354,1,0,0,0,0,0
O15357,0,0,0,1,0,0
O15374,1,0,0,0,0,0
O15375,1,0,0,0,0,0
O15389,0,0,1,0,0,0
O15393,0,0,0,0,1,0
O15394,0,0,1,0,0,0
O15399,1,0,0,0,0,0
O15403,1,0,0,0,0,0
O15427,1,0,0,0,0,0
O15431,1,0,0,0,0,0
O15438,1,0,0,0,0,0
O15439,1,0,0,0,0,0
O15440,1,0,0,0,0,0
O15455,0,0,1,0,0,0
O15498,0,1,0,0,0,0
O15503,1,0,0,0,0,0
O15530,0,0,0,1,0,0
O15547,1,0,0,0,0,0
O15552,1,0,0,0,0,0
O43150,0,0,0,1,0,0
O43157,0,0,1,0,0,0
O43164,0,0,0,1,0,0
O43174,0,0,0,1,0,0
O43181,0,0,0,1,0,0
O43184,0,0,1,0,0,0
O43193,1,0,0,0,0,0
O43194,1,0,0,0,0,0
O43264,0,0,0,1,0,0
O43283,0,0,0,1,0,0
O43286,0,0,0,0,1,0
O43292,1,0,0,0,0,0
O43300,0,0,1,0,0,0
O43306,1,0,0,0,0,0
O43315,1,0,0,0,0,0
O43318,0,0,0,1,0,0
O43374,0,0,0,1,0,0
O43427,0,0,0,1,0,0
O43493,0,0,1,0,0,0
O43497,1,0,0,0,0,0
O43506,0,0,1,0,0,0
O43525,1,0,0,0,0,0
O43526,1,0,0,0,0,0
O43557,0,0,0,0,1,0
O43559,0,1,0,0,0,0
O43570,0,0,1,0,0,0
O43603,1,0,0,0,0,0
O43609,0,0,0,1,0,0
O43610,0,0,0,1,0,0
O43613,1,0,0,0,0,0
O43614,1,0,0,0,0,0
O43633,0,0,0,1,0,0
O43653,0,1,0,0,0,1
O43657,1,0,0,0,0,0
O43678,0,0,0,1,0,0
O43731,1,0,0,0,0,0
O43747,0,0,0,1,0,0
O43749,1,0,0,0,0,0
O43759,1,0,0,0,0,0
O43760,1,0,0,0,0,0
O43761,1,0,0,0,0,0
O43772,1,0,0,0,0,0
O43808,1,0,0,0,0,0
O43813,0,0,0,1,0,0
O43861,1,0,0,0,0,0
O43868,1,0,0,0,0,0
O43869,1,0,0,0,0,0
O43889,0,0,0,0,1,0
O43895,0,1,0,0,0,1
O43909,0,0,0,0,1,0
O43914,0,0,1,0,0,0
O60220,0,0,0,1,0,0
O60235,0,0,0,0,1,0
O60266,1,0,0,0,0,0
O60279,0,0,1,0,0,0
O60312,1,0,0,0,0,0
O60331,0,0,0,1,0,0
O60353,1,0,0,0,0,0
O60423,1,0,0,0,0,0
O60431,1,0,0,0,0,0
O60462,0,0,1,0,0,0
O60476,0,0,0,0,1,0
O60503,1,0,0,0,0,0
O60512,0,0,0,0,1,0
O60513,0,0,0,0,1,0
O60568,0,0,0,1,0,0
O60609,0,1,0,0,0,1
O60641,0,0,0,1,0,0
O60664,0,0,0,1,0,0
O60669,1,0,0,0,0,0
O60721,1,0,0,0,0,0
O60725,1,0,0,0,0,0
O60733,0,0,0,1,0,0
O60741,1,0,0,0,0,0
O60749,0,0,0,1,0,0
O60755,1,0,0,0,0,0
O60779,1,0,0,0,0,0
O60830,1,0,0,0,0,0
O60840,1,0,0,0,0,0
O60883,1,0,0,0,0,0
O60894,0,0,1,0,0,0
O60895,0,0,1,0,0,0
O60896,0,0,1,0,0,0
O60906,1,0,0,0,0,0
O60909,0,0,0,0,1,0
O60928,1,0,0,0,0,0
O60931,1,0,0,0,0,0
O60939,0,0,1,0,0,0
O75015,0,1,0,0,0,1
O75023,0,0,1,0,0,0
O75056,0,0,1,0,0,0
O75063,0,0,0,0,1,0
O75078,0,0,1,0,0,0
O75106,0,0,0,1,0,0
O75154,0,0,0,1,0,0
O75192,1,0,0,0,0,0
O75197,0,0,1,0,0,0
O75204,1,0,0,0,0,0
O75306,0,0,0,1,0,0
O75311,1,0,0,0,0,0
O75326,0,1,0,0,0,1
O75351,0,0,0,1,0,0
O75354,0,0,0,0,1,0
O75380,0,0,0,1,0,0
O75381,0,0,0,1,0,0
O75388,1,0,0,0,0,0
O75436,0,0,0,1,0,0
O75443,0,1,0,0,0,1
O75445,0,0,1,0,0,0
O75460,0,0,1,0,0,0
O75473,1,0,0,0,0,0
O75477,0,0,0,0,1,0
O75487,0,1,0,0,0,1
O75508,1,0,0,0,0,0
O75575,0,0,0,1,0,0
O75578,0,0,1,0,0,0
O75616,0,0,0,1,0,0
O75674,0,0,0,1,0,0
O75694,0,0,0,1,0,0
O75695,0,1,0,0,0,0
O75712,1,0,0,0,0,0
O75746,1,0,0,0,0,0
O75751,1,0,0,0,0,0
O75752,0,0,0,0,1,0
O75781,0,1,0,0,0,0
O75783,1,0,0,0,0,0
O75841,1,0,0,0,0,0
O75843,0,0,0,1,0,0
O75844,1,0,0,0,0,0
O75871,0,0,1,0,0,0
O75881,0,0,0,1,0,0
O75882,0,0,1,0,0,0
O75886,0,0,0,1,0,0
O75899,1,0,0,0,0,0
O75900,0,0,0,0,1,0
O75908,1,0,0,0,0,0
O75916,0,0,0,1,0,0
O75923,0,0,0,0,1,0
O75955,0,0,0,1,0,0
O75970,0,0,0,1,0,0
O76002,1,0,0,0,0,0
O76024,1,0,0,0,0,0
O76038,0,0,0,1,0,0
O76062,1,0,0,0,0,0
O76081,0,1,0,0,0,0
O76082,1,0,0,0,0,0
O76099,1,0,0,0,0,0
O94759,1,0,0,0,0,0
O94766,0,0,0,0,1,0
O94777,1,0,0,0,0,0
O94778,1,0,0,0,0,0
O94804,0,0,0,1,0,0
O94823,1,0,0,0,0,0
O94850,0,0,0,1,0,0
O94856,0,0,1,0,0,0
O94898,0,0,1,0,0,0
O94921,0,0,0,1,0,0
O94956,1,0,0,0,0,0
O94973,0,0,0,1,0,0
O94979,0,0,0,1,0,0
O94985,0,0,1,0,0,0
O95007,1,0,0,0,0,0
O95047,1,0,0,0,0,0
O95049,0,0,0,1,0,0
O95070,1,0,0,0,0,0
O95140,1,0,0,0,0,0
O95178,0,0,0,1,0,0
O95180,1,0,0,0,0,0
O95182,0,0,0,1,0,0
O95197,1,0,0,0,0,0
O95219,0,0,0,1,0,0
O95221,1,0,0,0,0,0
O95222,1,0,0,0,0,0
O95259,1,0,0,0,0,0
O95264,1,0,0,0,0,0
O95267,0,0,0,1,0,0
O95271,0,0,0,1,0,0
O95274,0,1,0,0,0,1
O95295,0,0,0,1,0,0
O95371,1,0,0,0,0,0
O95377,1,0,0,0,0,0
O95425,0,0,0,1,0,0
O95436,1,0,0,0,0,0
O95452,1,0,0,0,0,0
O95466,0,1,0,0,0,0
O95471,1,0,0,0,0,0
O95477,1,0,0,0,0,0
O95500,1,0,0,0,0,0
O95528,1,0,0,0,0,0
O95563,1,0,0,0,0,0
O95622,1,0,0,0,0,0
O95630,0,0,0,1,0,0
O95661,0,1,0,0,0,0
O95665,1,0,0,0,0,0
O95674,1,0,0,0,0,0
O95721,0,0,0,1,0,0
O95754,0,0,1,0,0,0
O95755,0,1,0,0,0,0
O95772,1,0,0,0,0,0
O95782,0,0,0,1,0,0
O95800,1,0,0,0,0,0
O95838,1,0,0,0,0,0
O95847,1,0,0,0,0,0
O95867,0,1,0,0,0,1
O95907,1,0,0,0,0,0
O95971,0,1,0,0,0,1
O95977,1,0,0,0,0,0
O95980,0,1,0,0,0,1
O95996,0,0,0,1,0,0
O96000,0,0,0,1,0,0
O96008,1,0,0,0,0,0
O96024,0,0,0,0,1,0
P00387,0,1,0,0,0,0
P00519,0,1,0,0,0,0
P00533,0,0,1,0,0,0
P00813,0,0,0,1,0,0
P01116,0,1,0,0,0,0
P01130,0,0,1,0,0,0
P01133,0,0,1,0,0,0
P01135,0,0,1,0,0,0
P01375,0,0,0,0,1,0
P01589,0,0,1,0,0,0
P01730,0,0,1,0,0,0
P01732,0,0,1,0,0,0
P01833,0,0,1,0,0,0
P01903,0,0,1,0,0,0
P01906,0,0,1,0,0,0
P02686,0,0,0,1,0,0
P02708,1,0,0,0,0,0
P02724,0,0,1,0,0,0
P02730,1,0,0,0,0,0
P02748,1,0,0,0,0,0
P02786,0,0,0,0,1,0
P03372,0,0,1,1,0,0
P03999,1,0,0,0,0,0
P04001,1,0,0,0,0,0
P04035,1,0,0,0,0,0
P04062,0,0,0,1,0,0
P04201,1,0,0,0,0,0
P04234,0,0,1,0,0,0
P04440,0,0,1,0,0,0
P04626,0,0,1,0,0,0
P04629,0,0,1,0,0,0
P04839,1,0,0,0,0,0
P04843,0,0,1,0,0,0
P04920,1,0,0,0,0,0
P05026,0,0,0,0,1,0
P05067,0,0,1,0,0,0
P05106,0,0,1,0,0,0
P05107,0,0,1,0,0,0
P05109,0,0,0,1,0,0
P05177,0,0,0,1,0,0
P05181,0,0,0,1,0,0
P05186,0,1,0,0,0,1
P05187,0,1,0,0,0,1
P05362,0,0,1,0,0,0
P05556,0,0,1,0,0,0
P05981,0,0,0,0,1,0
P06126,0,0,1,0,0,0
P06127,0,0,1,0,0,0
P06213,0,0,1,0,0,0
P06239,0,1,0,0,0,0
P06340,0,0,1,0,0,0
P06702,0,0,0,1,0,0
P06703,0,0,0,1,0,0
P06729,0,0,1,0,0,0
P06731,0,1,0,0,0,1
P06734,0,0,0,0,1,0
P06756,0,0,1,0,0,0
P07099,0,0,0,0,1,0
P07202,0,0,1,0,0,0
P07204,0,0,1,0,0,0
P07306,0,0,0,0,1,0
P07307,0,0,0,0,1,0
P07332,0,0,0,1,0,0
P07333,0,0,1,0,0,0
P07357,1,0,0,0,0,0
P07359,0,0,1,0,0,0
P07510,1,0,0,0,0,0
P07550,1,0,0,0,0,0
P07766,0,0,1,0,0,0
P07911,0,1,0,0,0,1
P07949,0,0,1,0,0,0
P08034,1,0,0,0,0,0
P08100,1,0,0,0,0,0
P08138,0,0,1,0,0,0
P08172,1,0,0,0,0,0
P08173,1,0,0,0,0,0
P08174,0,1,1,0,0,1
P08195,0,0,0,0,1,0
P08235,0,0,0,1,0,0
P08247,1,0,0,0,0,0
P08473,0,0,0,0,1,0
P08514,0,0,1,0,0,0
P08571,0,1,0,0,0,1
P08575,0,0,1,0,0,0
P08581,0,0,1,0,0,0
P08588,1,0,0,0,0,0
P08631,0,1,0,0,0,0
P08648,0,0,1,0,0,0
P08686,0,0,0,1,0,0
P08887,0,0,1,0,0,0
P08908,1,0,0,0,0,0
P08913,1,0,0,0,0,0
P08962,1,0,0,0,0,0
P09172,0,0,0,0,1,0
P09326,0,1,0,0,0,1
P09496,0,0,0,1,0,0
P09497,0,0,0,1,0,0
P09543,0,1,0,0,0,0
P09564,0,0,1,0,0,0
P09619,0,0,1,0,0,0
P09693,0,0,1,0,0,0
P09758,0,0,1,0,0,0
P09769,0,1,0,1,0,0
P09848,0,0,1,0,0,0
P09917,0,0,0,1,0,0
P09936,0,1,0,0,0,0
P09958,0,0,1,0,0,0
P0C869,0,0,0,1,0,0
P0CG37,0,1,0,0,0,1
P10114,0,1,0,0,0,0
P10301,0,1,0,0,0,0
P10321,0,0,1,0,0,0
P10586,0,0,1,0,0,0
P10635,0,0,0,1,0,0
P10636,0,0,0,1,0,0
P10721,0,0,1,0,0,0
P10747,0,0,1,0,0,0
P10909,0,0,0,1,0,0
P10912,0,0,1,0,0,0
P11049,1,0,0,0,0,0
P11168,1,0,0,0,0,0
P11215,0,0,1,0,0,0
P11229,1,0,0,0,0,0
P11230,1,0,0,0,0,0
P11233,0,1,0,0,0,0
P11279,0,0,1,0,0,0
P11362,0,0,1,0,0,0
P11509,0,0,0,1,0,0
P11511,0,0,0,1,0,0
P11532,0,0,0,1,0,0
P11712,0,0,0,1,0,0
P11717,0,0,1,0,0,0
P11801,0,1,0,0,0,0
P11836,1,0,0,0,0,0
P11912,0,0,1,0,0,0
P12110,0,0,0,1,0,0
P12270,0,0,0,1,0,0
P12314,0,0,1,0,0,0
P12318,0,0,1,0,0,0
P12821,0,0,1,0,0,0
P12830,0,0,1,0,0,0
P13224,0,0,1,0,0,0
P13385,0,1,0,0,0,1
P13473,0,0,1,0,0,0
P13569,1,0,0,0,0,0
P13584,0,0,0,1,0,0
P13591,0,1,1,0,0,1
P13612,0,0,1,0,0,0
P13688,0,0,1,0,0,0
P13726,0,0,1,0,0,0
P13765,0,0,1,0,0,0
P13796,0,0,0,1,0,0
P13866,1,0,0,0,0,0
P13945,1,0,0,0,0,0
P13987,0,1,0,0,0,1
P14151,0,0,1,0,0,0
P14222,1,0,0,0,0,0
P14317,0,0,0,1,0,0
P14384,0,1,0,0,0,1
P14410,0,0,0,0,1,0
P14415,0,0,0,0,1,0
P14416,1,0,0,0,0,0
P14555,0,0,0,1,0,0
P14616,0,0,1,0,0,0
P14672,1,0,0,0,0,0
P14679,0,0,1,0,0,0
P14770,0,0,1,0,0,0
P14778,0,0,1,0,0,0
P14784,0,0,1,0,0,0
P14923,0,0,0,1,0,0
P15144,0,0,0,0,1,0
P15151,0,0,1,0,0,0
P15260,0,0,1,0,0,0
P15291,0,0,0,0,1,0
P15309,0,0,1,0,0,0
P15311,0,0,0,1,0,0
P15313,0,0,0,1,0,0
P15328,0,1,0,0,0,1
P15382,0,0,1,0,0,0
P15391,0,0,1,0,0,0
P15421,0,0,1,0,0,0
P15509,0,0,1,0,0,0
P15529,0,0,1,0,0,0
P15812,0,0,1,0,0,0
P15813,0,0,1,0,0,0
P15907,0,0,0,0,1,0
P15941,0,0,1,0,0,0
P16066,0,0,1,0,0,0
P16070,0,0,1,0,0,0
P16109,0,0,1,0,0,0
P16144,0,0,1,0,0,0
P16150,0,0,1,0,0,0
P16234,0,0,1,0,0,0
P16410,0,0,1,0,0,0
P16422,0,0,1,0,0,0
P16444,0,1,0,0,0,1
P16452,0,1,0,0,0,0
P16471,0,0,1,0,0,0
P16473,1,0,0,0,0,0
P16499,0,1,0,0,0,0
P16581,0,0,1,0,0,0
P16591,0,0,0,1,0,0
P16671,1,0,0,0,0,0
P16871,0,0,1,0,0,0
P17152,1,0,0,0,0,0
P17181,0,0,1,0,0,0
P17252,0,0,0,1,0,0
P17301,0,0,1,0,0,0
P17302,1,0,0,0,0,0
P17342,0,0,1,0,0,0
P17540,0,0,0,1,0,0
P17658,1,0,0,0,0,0
P17677,0,0,0,1,0,0
P17787,1,0,0,0,0,0
P17813,0,0,1,0,0,0
P17948,0,0,1,0,0,0
P18031,0,0,0,1,0,0
P18084,0,0,1,0,0,0
P18206,0,0,0,1,0,0
P18405,1,0,0,0,0,0
P18433,0,0,1,0,0,0
P18505,1,0,0,0,0,0
P18564,0,0,1,0,0,0
P18577,1,0,0,0,0,0
P18627,0,0,1,0,0,0
P18825,1,0,0,0,0,0
P18827,0,0,1,0,0,0
P18850,0,0,0,0,1,0
P19021,0,0,1,0,0,0
P19022,0,0,1,0,0,0
P19075,1,0,0,0,0,0
P19235,0,0,1,0,0,0
P19256,0,1,1,0,0,1
P19320,0,0,1,0,0,0
P19397,1,0,0,0,0,0
P19438,0,0,1,0,0,0
P19440,0,0,0,0,1,0
P19526,0,0,0,0,1,0
P19634,1,0,0,0,0,0
P20020,1,0,0,0,0,0
P20023,0,0,1,0,0,0
P20036,0,0,1,0,0,0
P20138,0,0,1,0,0,0
P20273,0,0,1,0,0,0
P20292,1,0,0,0,0,0
P20309,1,0,0,0,0,0
P20333,0,0,1,0,0,0
P20591,0,0,0,1,0,0
P20594,0,0,1,0,0,0
P20645,0,0,1,0,0,0
P20648,1,0,0,0,0,0
P20700,0,1,0,0,0,0
P20701,0,0,1,0,0,0
P20702,0,0,1,0,0,0
P20813,0,0,0,1,0,0
P20827,0,1,0,0,0,1
P20963,0,0,1,0,0,0
P21145,1,0,0,0,0,0
P21439,1,0,0,0,0,0
P21452,1,0,0,0,0,0
P21453,1,0,0,0,0,0
P21462,1,0,0,0,0,0
P21554,1,0,0,0,0,0
P21583,0,0,1,0,0,0
P21589,0,1,0,0,0,1
P21709,0,0,1,0,0,0
P21730,1,0,0,0,0,0
P21731,1,0,0,0,0,0
P21754,0,0,1,0,0,0
P21757,0,0,0,0,1,0
P21817,1,0,0,0,0,0
P21854,0,0,0,0,1,0
P21860,0,0,1,0,0,0
P21912,0,0,0,1,0,0
P21917,1,0,0,0,0,0
P21918,1,0,0,0,0,0
P21926,1,0,0,0,0,0
P21964,0,0,0,0,1,0
P22001,1,0,0,0,0,0
P22059,0,0,0,1,0,0
P22083,0,0,0,0,1,0
P22223,0,0,1,0,0,0
P22303,0,1,0,0,0,1
P22455,0,0,1,0,0,0
P22459,1,0,0,0,0,0
P22460,1,0,0,0,0,0
P22607,0,0,1,0,0,0
P22680,0,0,0,1,0,0
P22695,0,0,0,1,0,0
P22732,1,0,0,0,0,0
P22735,0,1,0,0,0,0
P22748,0,1,0,0,0,1
P22760,0,0,0,0,1,0
P22794,0,0,1,0,0,0
P22830,0,0,0,1,0,0
P22888,1,0,0,0,0,0
P22897,0,0,1,0,0,0
P23219,0,0,0,1,0,0
P23276,0,0,0,0,1,0
P23415,1,0,0,0,0,0
P23458,0,0,0,1,0,0
P23468,0,0,1,0,0,0
P23469,0,0,1,0,0,0
P23471,0,0,1,0,0,0
P23510,0,0,0,0,1,0
P23515,0,1,0,0,0,1
P23528,0,0,0,1,0,0
P23786,0,0,0,1,0,0
P23942,1,0,0,0,0,0
P23945,1,0,0,0,0,0
P23975,1,0,0,0,0,0
P24046,1,0,0,0,0,0
P24071,0,0,1,0,0,0
P24394,0,0,1,0,0,0
P24530,1,0,0,0,0,0
P24557,1,0,0,0,0,0
P24588,0,1,0,0,0,0
P24903,0,0,0,1,0,0
P25021,1,0,0,0,0,0
P25025,1,0,0,0,0,0
P25089,1,0,0,0,0,0
P25092,0,0,1,0,0,0
P25100,1,0,0,0,0,0
P25101,1,0,0,0,0,0
P25103,1,0,0,0,0,0
P25105,1,0,0,0,0,0
P25116,1,0,0,0,0,0
P25189,0,0,1,0,0,0
P25445,0,0,1,0,0,0
P25874,1,0,0,0,0,0
P25929,1,0,0,0,0,0
P25942,0,0,1,0,0,0
P26006,0,0,1,0,0,0
P26010,0,0,1,0,0,0
P26012,0,0,1,0,0,0
P26045,0,0,0,1,0,0
P26232,0,0,0,1,0,0
P26572,0,0,0,0,1,0
P26715,0,0,0,0,1,0
P26718,0,0,0,0,1,0
P26842,0,0,1,0,0,0
P26951,0,0,1,0,0,0
P26992,0,1,0,0,0,1
P27037,0,0,1,0,0,0
P27105,0,1,0,1,0,0
P27448,0,0,0,1,0,0
P27449,1,0,0,0,0,0
P27487,0,0,0,0,1,0
P27701,1,0,0,0,0,0
P27815,0,0,0,1,0,0
P27824,0,0,1,0,0,0
P27930,0,0,1,0,0,0
P28067,0,0,1,0,0,0
P28068,0,0,1,0,0,0
P28221,1,0,0,0,0,0
P28222,1,0,0,0,0,0
P28288,1,0,0,0,0,0
P28328,1,0,0,0,0,0
P28335,1,0,0,0,0,0
P28336,1,0,0,0,0,0
P28476,1,0,0,0,0,0
P28566,1,0,0,0,0,0
P28676,0,0,0,1,0,0
P28827,0,0,1,0,0,0
P28845,0,0,0,0,1,0
P28906,0,0,1,0,0,0
P28907,0,0,0,0,1,0
P28908,0,0,1,0,0,0
P29016,0,0,1,0,0,0
P29017,0,0,1,0,0,0
P29074,0,0,0,1,0,0
P29274,1,0,0,0,0,0
P29275,1,0,0,0,0,0
P29317,0,0,1,0,0,0
P29320,0,0,1,0,0,0
P29323,0,0,1,0,0,0
P29371,1,0,0,0,0,0
P29376,0,0,1,0,0,0
P29475,0,0,0,1,0,0
P29590,0,0,0,1,0,0
P29965,0,0,0,0,1,0
P29972,1,0,0,0,0,0
P29973,1,0,0,0,0,0
P30203,0,0,1,0,0,0
P30273,0,0,1,0,0,0
P30408,1,0,0,0,0,0
P30411,1,0,0,0,0,0
P30414,0,0,0,1,0,0
P30518,1,0,0,0,0,0
P30530,0,0,1,0,0,0
P30531,1,0,0,0,0,0
P30532,1,0,0,0,0,0
P30536,1,0,0,0,0,0
P30542,1,0,0,0,0,0
P30550,1,0,0,0,0,0
P30556,1,0,0,0,0,0
P30559,1,0,0,0,0,0
P30622,0,0,0,1,0,0
P30626,0,0,0,1,0,0
P30825,1,0,0,0,0,0
P30872,1,0,0,0,0,0
P30874,1,0,0,0,0,0
P30926,1,0,0,0,0,0
P30939,1,0,0,0,0,0
P30968,1,0,0,0,0,0
P30989,1,0,0,0,0,0
P31040,0,0,0,1,0,0
P31358,0,1,0,0,0,1
P31391,1,0,0,0,0,0
P31431,0,0,1,0,0,0
P31639,1,0,0,0,0,0
P31644,1,0,0,0,0,0
P31645,1,0,0,0,0,0
P31751,0,0,0,1,0,0
P31994,0,0,1,0,0,0
P32004,0,0,1,0,0,0
P32019,0,0,0,1,0,0
P32189,0,0,0,1,0,0
P32238,1,0,0,0,0,0
P32239,1,0,0,0,0,0
P32241,1,0,0,0,0,0
P32245,1,0,0,0,0,0
P32246,1,0,0,0,0,0
P32247,1,0,0,0,0,0
P32248,1,0,0,0,0,0
P32249,1,0,0,0,0,0
P32297,1,0,0,0,0,0
P32302,1,0,0,0,0,0
P32418,1,0,0,0,0,0
P32455,0,1,0,0,0,0
P32927,0,0,1,0,0,0
P32942,0,0,1,0,0,0
P32970,0,0,0,0,1,0
P32971,0,0,0,0,1,0
P33032,1,0,0,0,0,0
P33241,0,0,0,1,0,0
P33527,1,0,0,0,0,0
P33681,0,0,1,0,0,0
P33765,1,0,0,0,0,0
P33897,1,0,0,0,0,0
P33908,0,0,0,0,1,0
P34741,0,0,1,0,0,0
P34810,0,0,1,0,0,0
P34903,1,0,0,0,0,0
P34910,0,0,1,0,0,0
P34947,0,0,0,1,0,0
P34969,1,0,0,0,0,0
P34972,1,0,0,0,0,0
P34981,1,0,0,0,0,0
P34982,1,0,0,0,0,0
P34995,1,0,0,0,0,0
P34998,1,0,0,0,0,0
P35052,0,1,0,0,0,1
P35212,1,0,0,0,0,0
P35240,0,0,0,1,0,0
P35346,1,0,0,0,0,0
P35348,1,0,0,0,0,0
P35354,0,0,0,1,0,0
P35368,1,0,0,0,0,0
P35372,1,0,0,0,0,0
P35408,1,0,0,0,0,0
P35410,1,0,0,0,0,0
P35414,1,0,0,0,0,0
P35462,1,0,0,0,0,0
P35498,1,0,0,0,0,0
P35499,1,0,0,0,0,0
P35523,1,0,0,0,0,0
P35575,1,0,0,0,0,0
P35590,0,0,1,0,0,0
P35606,0,0,0,1,0,0
P35610,1,0,0,0,0,0
P35611,0,0,0,1,0,0
P35612,0,0,0,1,0,0
P35613,0,0,1,0,0,0
P35916,0,0,1,0,0,0
P35968,0,0,1,0,0,0
P36382,1,0,0,0,0,0
P36383,1,0,0,0,0,0
P36405,0,0,0,1,0,0
P36544,1,0,0,0,0,0
P36888,0,0,1,0,0,0
P36894,0,0,1,0,0,0
P36897,0,0,1,0,0,0
P36941,0,0,1,0,0,0
P36956,1,0,0,0,0,0
P37088,1,0,0,0,0,0
P37173,0,0,1,0,0,0
P37268,1,0,0,0,0,0
P37288,1,0,0,0,0,0
P38435,1,0,0,0,0,0
P38484,0,0,1,0,0,0
P38567,0,1,0,0,0,1
P38570,0,0,1,0,0,0
P39086,1,0,0,0,0,0
P39210,1,0,0,0,0,0
P39656,0,0,1,0,0,0
P40126,0,0,1,0,0,0
P40145,1,0,0,0,0,0
P40189,0,0,1,0,0,0
P40197,0,0,1,0,0,0
P40198,0,0,1,0,0,0
P40200,0,0,1,0,0,0
P40238,0,0,1,0,0,0
P40259,0,0,1,0,0,0
P40337,0,0,0,1,0,0
P40616,0,0,0,1,0,0
P40818,0,0,0,1,0,0
P40855,0,1,0,0,0,0
P40879,1,0,0,0,0,0
P40967,0,0,1,0,0,0
P41143,1,0,0,0,0,0
P41145,1,0,0,0,0,0
P41146,1,0,0,0,0,0
P41180,1,0,0,0,0,0
P41181,1,0,0,0,0,0
P41217,0,0,1,0,0,0
P41231,1,0,0,0,0,0
P41273,0,0,0,0,1,0
P41440,1,0,0,0,0,0
P41586,1,0,0,0,0,0
P41587,1,0,0,0,0,0
P41594,1,0,0,0,0,0
P41595,1,0,0,0,0,0
P41597,1,0,0,0,0,0
P41732,1,0,0,0,0,0
P41968,1,0,0,0,0,0
P42081,0,0,1,0,0,0
P42261,1,0,0,0,0,0
P42345,0,0,0,1,0,0
P42566,0,0,0,1,0,0
P42680,0,0,0,1,0,0
P42681,0,0,0,1,0,0
P42701,0,0,1,0,0,0
P42702,0,0,1,0,0,0
P42892,0,0,0,0,1,0
P43003,1,0,0,0,0,0
P43004,1,0,0,0,0,0
P43005,1,0,0,0,0,0
P43007,1,0,0,0,0,0
P43080,0,1,0,0,0,0
P43088,1,0,0,0,0,0
P43116,1,0,0,0,0,0
P43119,1,0,0,0,0,0
P43121,0,0,1,0,0,0
P43146,0,0,1,0,0,0
P43155,0,0,0,1,0,0
P43220,1,0,0,0,0,0
P43307,0,0,1,0,0,0
P43308,0,0,1,0,0,0
P43403,0,0,0,1,0,0
P43489,0,0,1,0,0,0
P43630,0,0,1,0,0,0
P43657,1,0,0,0,0,0
P43681,1,0,0,0,0,0
P45844,1,0,0,0,0,0
P46019,0,1,0,0,0,0
P46020,0,1,0,0,0,0
P46059,1,0,0,0,0,0
P46060,0,0,0,1,0,0
P46089,1,0,0,0,0,0
P46092,1,0,0,0,0,0
P46093,1,0,0,0,0,0
P46094,1,0,0,0,0,0
P46663,1,0,0,0,0,0
P46695,0,0,0,0,1,0
P46721,1,0,0,0,0,0
P46939,0,0,0,1,0,0
P46977,1,0,0,0,0,0
P47211,1,0,0,0,0,0
P47736,0,0,0,1,0,0
P47804,1,0,0,0,0,0
P47870,1,0,0,0,0,0
P47871,1,0,0,0,0,0
P47872,1,0,0,0,0,0
P47887,1,0,0,0,0,0
P47888,1,0,0,0,0,0
P47890,1,0,0,0,0,0
P47898,1,0,0,0,0,0
P47900,1,0,0,0,0,0
P47901,1,0,0,0,0,0
P48023,0,0,0,0,1,0
P48029,1,0,0,0,0,0
P48039,1,0,0,0,0,0
P48048,1,0,0,0,0,0
P48050,1,0,0,0,0,0
P48058,1,0,0,0,0,0
P48065,1,0,0,0,0,0
P48066,1,0,0,0,0,0
P48067,1,0,0,0,0,0
P48145,1,0,0,0,0,0
P48146,1,0,0,0,0,0
P48165,1,0,0,0,0,0
P48167,1,0,0,0,0,0
P48169,1,0,0,0,0,0
P48230,1,0,0,0,0,0
P48357,0,0,1,0,0,0
P48444,0,0,0,1,0,0
P48449,0,0,0,1,0,0
P48509,1,0,0,0,0,0
P48544,1,0,0,0,0,0
P48546,1,0,0,0,0,0
P48549,1,0,0,0,0,0
P48551,0,0,1,0,0,0
P48664,1,0,0,0,0,0
P48751,1,0,0,0,0,0
P48764,1,0,0,0,0,0
P49069,1,0,0,0,0,0
P49146,1,0,0,0,0,0
P49190,1,0,0,0,0,0
P49238,1,0,0,0,0,0
P49257,0,0,1,0,0,0
P49281,1,0,0,0,0,0
P49286,1,0,0,0,0,0
P49418,0,0,0,1,0,0
P49447,1,0,0,0,0,0
P49682,1,0,0,0,0,0
P49683,1,0,0,0,0,0
P49685,1,0,0,0,0,0
P49755,0,0,1,0,0,0
P49757,0,0,0,1,0,0
P49758,0,0,0,1,0,0
P49768,1,0,0,0,0,0
P49771,0,0,1,0,0,0
P49795,0,1,0,0,0,0
P49810,1,0,0,0,0,0
P49815,0,0,0,1,0,0
P49821,0,0,0,1,0,0
P49901,0,0,0,1,0,0
P50052,1,0,0,0,0,0
P50150,0,1,0,0,0,0
P50151,0,1,0,0,0,0
P50336,0,0,0,1,0,0
P50391,1,0,0,0,0,0
P50406,1,0,0,0,0,0
P50416,1,0,0,0,0,0
P50440,0,0,0,1,0,0
P50443,1,0,0,0,0,0
P50542,0,0,0,1,0,0
P50607,0,0,0,1,0,0
P50895,0,0,1,0,0,0
P51148,0,1,0,0,0,0
P51153,0,1,0,0,0,0
P51157,0,1,0,0,0,0
P51159,0,1,0,0,0,0
P51160,0,1,0,0,0,0
P51164,0,0,0,0,1,0
P51168,1,0,0,0,0,0
P51170,1,0,0,0,0,0
P51172,1,0,0,0,0,0
P51511,0,0,1,0,0,0
P51512,0,0,1,0,0,0
P51571,0,0,1,0,0,0
P51572,1,0,0,0,0,0
P51575,1,0,0,0,0,0
P51582,1,0,0,0,0,0
P51589,0,0,0,1,0,0
P51636,0,0,0,1,0,0
P51654,0,1,0,0,0,1
P51677,1,0,0,0,0,0
P51679,1,0,0,0,0,0
P51681,1,0,0,0,0,0
P51684,1,0,0,0,0,0
P51685,1,0,0,0,0,0
P51686,1,0,0,0,0,0
P51693,0,0,1,0,0,0
P51787,1,0,0,0,0,0
P51788,1,0,0,0,0,0
P51790,1,0,0,0,0,0
P51797,1,0,0,0,0,0
P51800,1,0,0,0,0,0
P51810,1,0,0,0,0,0
P51828,1,0,0,0,0,0
P51841,0,0,1,0,0,0
P52569,1,0,0,0,0,0
P52797,0,1,0,0,0,1
P52803,0,1,0,0,0,1
P52848,0,0,0,0,1,0
P52948,0,0,0,1,0,0
P52961,0,1,0,0,0,1
P53007,1,0,0,0,0,0
P53618,0,0,0,1,0,0
P53621,0,0,0,1,0,0
P53680,0,0,0,1,0,0
P53708,0,0,1,0,0,0
P53779,0,1,0,0,0,0
P53794,1,0,0,0,0,0
P53985,1,0,0,0,0,0
P54219,1,0,0,0,0,0
P54578,0,0,0,1,0,0
P54707,1,0,0,0,0,0
P54709,0,0,0,0,1,0
P54753,0,0,1,0,0,0
P54760,0,0,1,0,0,0
P54849,1,0,0,0,0,0
P54851,1,0,0,0,0,0
P54852,1,0,0,0,0,0
P54920,0,0,0,1,0,0
P55008,0,0,0,1,0,0
P55011,1,0,0,0,0,0
P55017,1,0,0,0,0,0
P55040,0,0,0,1,0,0
P55061,1,0,0,0,0,0
P55064,1,0,0,0,0,0
P55085,1,0,0,0,0,0
P55087,1,0,0,0,0,0
P55283,0,0,1,0,0,0
P55285,0,0,1,0,0,0
P55286,0,0,1,0,0,0
P55287,0,0,1,0,0,0
P55290,0,1,0,0,0,1
P55291,0,0,1,0,0,0
P55344,1,0,0,0,0,0
P55735,0,0,0,1,0,0
P55808,0,0,1,0,0,0
P55851,1,0,0,0,0,0
P56181,0,0,0,1,0,0
P56199,0,0,1,0,0,0
P56373,1,0,0,0,0,0
P56589,1,0,0,0,0,0
P56696,1,0,0,0,0,0
P56746,1,0,0,0,0,0
P56748,1,0,0,0,0,0
P56749,1,0,0,0,0,0
P56750,1,0,0,0,0,0
P56817,0,0,1,0,0,0
P56856,1,0,0,0,0,0
P56880,1,0,0,0,0,0
P56975,0,0,1,0,0,0
P57103,1,0,0,0,0,0
P57727,0,0,0,0,1,0
P57729,0,1,0,0,0,0
P57735,0,1,0,0,0,0
P57768,0,0,0,1,0,0
P58182,1,0,0,0,0,0
P58335,0,0,1,0,0,0
P59190,0,1,0,0,0,0
P59534,1,0,0,0,0,0
P59535,1,0,0,0,0,0
P59536,1,0,0,0,0,0
P59538,1,0,0,0,0,0
P59542,1,0,0,0,0,0
P59551,1,0,0,0,0,0
P59901,0,0,1,0,0,0
P60033,1,0,0,0,0,0
P60852,0,0,1,0,0,0
P60880,0,1,0,0,0,0
P61006,0,1,0,0,0,0
P61018,0,1,0,0,0,0
P61019,0,1,0,0,0,0
P61026,0,1,0,0,0,0
P61073,1,0,0,0,0,0
P61077,0,0,0,1,0,0
P61106,0,1,0,0,0,0
P61587,0,0,0,1,0,0
P61619,1,0,0,0,0,0
P61764,0,0,0,1,0,0
P61952,0,1,0,0,0,0
P61966,0,0,0,1,0,0
P62070,0,1,0,0,0,0
P62072,0,0,0,1,0,0
P62166,0,0,0,1,0,0
P62330,0,1,0,0,0,0
P62745,0,1,0,0,0,0
P62834,0,1,0,0,0,0
P63000,0,1,0,0,0,0
P63211,0,1,0,0,0,0
P63215,0,1,0,0,0,0
P63218,0,1,0,0,0,0
P63241,0,0,0,1,0,0
P78310,0,0,1,0,0,0
P78324,0,0,1,0,0,0
P78329,0,0,0,1,0,0
P78333,0,1,0,0,0,1
P78334,1,0,0,0,0,0
P78352,0,0,0,1,0,0
P78363,1,0,0,0,0,0
P78369,1,0,0,0,0,0
P78380,0,0,0,0,1,0
P78381,1,0,0,0,0,0
P78382,1,0,0,0,0,0
P78423,0,0,1,0,0,0
P78504,0,0,1,0,0,0
P78536,0,0,1,0,0,0
P78552,0,0,1,0,0,0
P79483,0,0,1,0,0,0
P80303,0,0,0,1,0,0
P80370,0,0,1,0,0,0
P80723,0,1,0,0,0,0
P82279,0,0,1,0,0,0
P83436,0,0,0,1,0,0
P98153,0,0,1,0,0,0
P98155,0,0,1,0,0,0
P98161,1,0,0,0,0,0
P98172,0,0,1,0,0,0
P98194,1,0,0,0,0,0
P98196,1,0,0,0,0,0
P98198,1,0,0,0,0,0
Q00013,0,1,0,0,0,0
Q00325,1,0,0,0,0,0
Q00535,0,0,0,1,0,0
Q00587,0,0,0,1,0,0
Q00610,0,0,0,1,0,0
Q00796,0,0,0,1,0,0
Q00973,0,0,0,0,1,0
Q01082,0,0,0,1,0,0
Q01113,0,0,1,0,0,0
Q01118,1,0,0,0,0,0
Q01151,0,0,1,0,0,0
Q01344,0,0,1,0,0,0
Q01362,1,0,0,0,0,0
Q01453,1,0,0,0,0,0
Q01628,0,0,0,0,1,0
Q01638,0,0,1,0,0,0
Q01650,1,0,0,0,0,0
Q01668,1,0,0,0,0,0
Q01718,1,0,0,0,0,0
Q01814,1,0,0,0,0,0
Q01959,1,0,0,0,0,0
Q01970,0,0,0,1,0,0
Q01973,0,0,1,0,0,0
Q01974,0,0,1,0,0,0
Q02094,1,0,0,0,0,0
Q02246,0,1,0,0,0,1
Q02297,0,0,1,0,0,0
Q02487,0,0,1,0,0,0
Q02641,0,0,0,1,0,0
Q02643,1,0,0,0,0,0
Q02742,0,0,0,0,1,0
Q02763,0,0,1,0,0,0
Q02809,0,0,0,1,0,0
Q02818,0,0,0,1,0,0
Q02846,0,0,1,0,0,0
Q02928,0,0,0,1,0,0
Q02978,1,0,0,0,0,0
Q03113,0,1,0,0,0,0
Q03135,0,0,0,1,0,0
Q03252,0,1,0,0,0,0
Q03395,1,0,0,0,0,0
Q03405,0,1,0,0,0,1
Q03431,1,0,0,0,0,0
Q03518,1,0,0,0,0,0
Q03519,1,0,0,0,0,0
Q03721,1,0,0,0,0,0
Q04609,0,0,0,0,1,0
Q04656,1,0,0,0,0,0
Q04671,1,0,0,0,0,0
Q04721,0,0,1,0,0,0
Q04759,0,0,0,1,0,0
Q04771,0,0,1,0,0,0
Q04900,0,0,1,0,0,0
Q04912,0,0,1,0,0,0
Q04941,1,0,0,0,0,0
Q05329,0,1,0,1,0,0
Q05397,0,0,0,1,0,0
Q05655,0,0,0,1,0,0
Q05901,1,0,0,0,0,0
Q05996,0,0,1,0,0,0
Q06136,1,0,0,0,0,0
Q06187,0,0,0,1,0,0
Q06418,0,0,1,0,0,0
Q06432,1,0,0,0,0,0
Q06495,1,0,0,0,0,0
Q07001,1,0,0,0,0,0
Q07011,0,0,1,0,0,0
Q07065,0,0,0,0,1,0
Q07075,0,0,0,0,1,0
Q07108,0,0,0,0,1,0
Q07157,0,0,0,1,0,0
Q07444,0,0,0,0,1,0
Q07699,0,0,1,0,0,0
Q07912,0,0,0,1,0,0
Q07954,0,0,1,1,0,0
Q08289,0,0,0,1,0,0
Q08334,0,0,1,0,0,0
Q08345,0,0,1,0,0,0
Q08357,1,0,0,0,0,0
Q08378,0,0,0,1,0,0
Q08431,0,0,0,1,0,0
Q08462,1,0,0,0,0,0
Q08554,0,0,1,0,0,0
Q08722,1,0,0,0,0,0
Q08828,1,0,0,0,0,0
Q09327,0,0,0,0,1,0
Q09328,0,0,0,0,1,0
Q09428,1,0,0,0,0,0
Q0JRZ9,0,0,0,1,0,0
Q0VAF6,0,0,0,1,0,0
Q0VD83,0,0,0,1,0,0
Q10469,0,0,0,0,1,0
Q10471,0,0,0,0,1,0
Q10472,0,0,0,0,1,0
Q10567,0,0,0,1,0,0
Q10588,0,1,0,0,0,1
Q10589,0,1,0,0,1,1
Q10981,0,0,0,0,1,0
Q11128,0,0,0,0,1,0
Q11130,0,0,0,0,1,0
Q11201,0,0,0,0,1,0
Q11203,0,0,0,0,1,0
Q11206,0,0,0,0,1,0
Q12772,1,0,0,0,0,0
Q12791,1,0,0,0,0,0
Q12797,0,0,0,0,1,0
Q12809,1,0,0,0,0,0
Q12836,0,0,1,0,0,0
Q12860,0,1,0,0,0,1
Q12879,1,0,0,0,0,0
Q12884,0,0,0,0,1,0
Q12887,1,0,0,0,0,0
Q12891,0,1,0,0,0,1
Q12907,0,0,1,0,0,0
Q12908,1,0,0,0,0,0
Q12913,0,0,1,0,0,0
Q12999,1,0,0,0,0,0
Q13003,1,0,0,0,0,0
Q13017,0,0,0,1,0,0
Q13177,0,1,0,0,0,0
Q13237,0,1,0,0,0,0
Q13241,0,0,0,0,1,0
Q13255,1,0,0,0,0,0
Q13261,0,0,1,0,0,0
Q13286,1,0,0,0,0,0
Q13291,0,0,1,0,0,0
Q13304,1,0,0,0,0,0
Q13308,0,0,1,0,0,0
Q13319,0,1,0,0,0,0
Q13332,0,0,1,0,0,0
Q13336,1,0,0,0,0,0
Q13349,0,0,1,0,0,0
Q13367,0,0,0,1,0,0
Q13393,0,1,0,0,0,0
Q13410,0,0,1,0,0,0
Q13418,0,0,0,1,0,0
Q13421,0,1,0,0,0,1
Q13423,1,0,0,0,0,0
Q13424,0,0,0,1,0,0
Q13425,0,0,0,1,0,0
Q13433,1,0,0,0,0,0
Q13439,0,0,0,1,0,0
Q13444,0,0,1,0,0,0
Q13445,0,0,1,0,0,0
Q13449,0,1,0,0,0,1
Q13464,0,0,0,1,0,0
Q13470,0,0,0,1,0,0
Q13477,0,0,1,0,0,0
Q13478,0,0,1,0,0,0
Q13496,0,0,0,1,0,0
Q13507,1,0,0,0,0,0
Q13508,0,1,0,0,0,1
Q13554,0,0,0,1,0,0
Q13555,0,0,0,1,0,0
Q13557,0,0,0,1,0,0
Q13561,0,0,0,1,0,0
Q13571,1,0,0,0,0,0
Q13585,1,0,0,0,0,0
Q13586,0,0,1,0,0,0
Q13591,0,0,1,0,0,0
Q13596,0,0,0,1,0,0
Q13606,1,0,0,0,0,0
Q13613,0,0,0,1,0,0
Q13614,0,0,0,1,0,0
Q13615,0,0,0,1,0,0
Q13621,1,0,0,0,0,0
Q13634,0,0,1,0,0,0
Q13635,1,0,0,0,0,0
Q13636,0,1,0,0,0,0
Q13639,1,0,0,0,0,0
Q13651,0,0,1,0,0,0
Q13683,0,0,1,0,0,0
Q13698,1,0,0,0,0,0
Q13702,0,0,0,1,0,0
Q13724,0,0,0,0,1,0
Q13733,1,0,0,0,0,0
Q13740,0,0,1,0,0,0
Q13797,0,0,1,0,0,0
Q13873,0,0,1,0,0,0
Q13884,0,0,0,1,0,0
Q13936,1,0,0,0,0,0
Q14028,1,0,0,0,0,0
Q14088,0,1,0,0,0,0
Q14108,1,0,0,0,0,0
Q14118,0,0,1,0,0,0
Q14126,0,0,1,0,0,0
Q14160,0,0,0,1,0,0
Q14210,0,1,0,0,0,1
Q14242,0,0,1,0,0,0
Q14254,0,0,0,1,0,0
Q14289,0,0,0,1,0,0
Q14315,0,0,0,1,0,0
Q14330,1,0,0,0,0,0
Q14344,0,1,0,0,0,0
Q14392,0,0,1,0,0,0
Q14416,1,0,0,0,0,0
Q14435,0,0,0,0,1,0
Q14439,1,0,0,0,0,0
Q14449,0,0,0,1,0,0
Q14451,0,0,0,1,0,0
Q14457,0,0,0,1,0,0
Q14494,0,0,0,0,1,0
Q14500,1,0,0,0,0,0
Q14512,0,0,0,1,0,0
Q14517,0,0,1,0,0,0
Q14524,1,0,0,0,0,0
Q14534,1,0,0,0,0,0
Q14542,1,0,0,0,0,0
Q14571,1,0,0,0,0,0
Q14573,1,0,0,0,0,0
Q14574,0,0,1,0,0,0
Q14623,0,1,0,0,0,0
Q14626,0,0,1,0,0,0
Q14627,0,0,1,0,0,0
Q14642,0,1,0,0,0,0
Q14654,1,0,0,0,0,0
Q14677,0,0,0,1,0,0
Q14680,0,0,0,1,0,0
Q14699,0,1,0,0,0,0
Q14703,0,0,1,0,0,0
Q14721,1,0,0,0,0,0
Q14739,1,0,0,0,0,0
Q14746,0,0,0,1,0,0
Q14773,0,0,1,0,0,0
Q14789,0,0,1,0,0,0
Q14831,1,0,0,0,0,0
Q14832,1,0,0,0,0,0
Q14833,1,0,0,0,0,0
Q14849,1,0,0,0,0,0
Q14916,1,0,0,0,0,0
Q14940,1,0,0,0,0,0
Q14957,1,0,0,0,0,0
Q14964,0,1,0,0,0,0
Q14973,1,0,0,0,0,0
Q14C86,0,0,0,1,0,0
Q14CZ8,0,0,1,0,0,0
Q14D04,0,0,0,1,0,0
Q15011,1,0,0,0,0,0
Q15036,0,0,0,1,0,0
Q15041,1,0,0,0,0,0
Q15070,1,0,0,0,0,0
Q15075,0,0,0,1,0,0
Q15077,1,0,0,0,0,0
Q15078,0,1,0,0,0,0
Q15109,0,0,1,0,0,0
Q15116,0,0,1,0,0,0
Q15125,1,0,0,0,0,0
Q15165,0,0,0,1,0,0
Q15256,0,0,1,0,0,0
Q15262,0,0,1,0,0,0
Q15286,0,1,0,0,0,0
Q15303,0,0,1,0,0,0
Q15311,0,0,0,1,0,0
Q15363,0,0,1,0,0,0
Q15382,0,1,0,0,0,0
Q15391,1,0,0,0,0,0
Q15436,0,0,0,1,0,0
Q15464,0,0,0,1,0,0
Q15599,0,0,0,1,0,0
Q15612,1,0,0,0,0,0
Q15615,1,0,0,0,0,0
Q15619,1,0,0,0,0,0
Q15620,1,0,0,0,0,0
Q15622,1,0,0,0,0,0
Q15629,1,0,0,0,0,0
Q15643,0,0,0,1,0,0
Q15669,0,1,0,0,0,0
Q15722,1,0,0,0,0,0
Q15743,1,0,0,0,0,0
Q15751,0,0,0,1,0,0
Q15760,1,0,0,0,0,0
Q15761,1,0,0,0,0,0
Q15768,0,0,1,0,0,0
Q15771,0,1,0,0,0,0
Q15785,0,0,0,1,0,0
Q15822,1,0,0,0,0,0
Q15825,1,0,0,0,0,0
Q15835,0,1,0,0,0,0
Q15842,1,0,0,0,0,0
Q15849,1,0,0,0,0,0
Q15858,1,0,0,0,0,0
Q15878,1,0,0,0,0,0
Q15907,0,1,0,0,0,0
Q16280,1,0,0,0,0,0
Q16281,1,0,0,0,0,0
Q16288,0,0,1,0,0,0
Q16322,1,0,0,0,0,0
Q16348,1,0,0,0,0,0
Q16394,0,0,0,0,1,0
Q16445,1,0,0,0,0,0
Q16478,1,0,0,0,0,0
Q16512,0,0,0,1,0,0
Q16558,1,0,0,0,0,0
Q16572,1,0,0,0,0,0
Q16581,1,0,0,0,0,0
Q16602,1,0,0,0,0,0
Q16617,1,0,0,0,0,0
Q16620,0,0,1,0,0,0
Q16625,1,0,0,0,0,0
Q16671,0,0,1,0,0,0
Q16718,0,0,0,1,0,0
Q16760,0,0,0,1,0,0
Q16790,0,0,1,0,0,0
Q16799,1,0,0,0,0,0
Q16819,0,0,1,0,0,0
Q16820,0,0,1,0,0,0
Q16827,0,0,1,0,0,0
Q16832,0,0,1,0,0,0
Q16849,0,0,1,0,0,0
Q16853,0,0,0,0,1,0
Q16873,1,0,0,0,0,0
Q1EHB4,1,0,0,0,0,0
Q1HG44,1,0,0,0,0,0
Q29983,0,0,1,0,0,0
Q2HXU8,0,0,0,0,1,0
Q2I0M4,0,0,1,0,0,0
Q2M3G0,1,0,0,0,0,0
Q2QL34,1,0,0,0,0,0
Q2Y0W8,1,0,0,0,0,0
Q30201,0,0,1,0,0,0
Q3SYC2,1,0,0,0,0,0
Q3T906,0,0,1,0,1,0
Q3ZAQ7,1,0,0,0,0,0
Q401N2,1,0,0,0,0,0
Q495A1,0,0,1,0,0,0
Q495M3,1,0,0,0,0,0
Q495T6,0,0,0,0,1,0
Q496F6,0,0,1,0,0,0
Q4G0F5,0,0,0,1,0,0
Q4LDE5,0,0,0,1,0,0
Q53F39,1,0,0,0,0,0
Q53FV1,1,0,0,0,0,0
Q53GQ0,1,0,0,0,0,0
Q53HI1,1,0,0,0,0,0
Q53QZ3,0,0,0,1,0,0
Q53TN4,1,0,0,0,0,0
Q5BKT4,1,0,0,0,0,0
Q5DID0,0,0,1,0,0,0
Q5FVE4,0,0,0,1,0,0
Q5GH77,1,0,0,0,0,0
Q5H8A4,1,0,0,0,0,0
Q5HYA8,1,0,0,0,0,0
Q5IJ48,0,0,1,0,0,0
Q5J8M3,1,0,0,0,0,0
Q5JQS5,1,0,0,0,0,0
Q5JRA6,0,0,1,0,0,0
Q5JRS4,1,0,0,0,0,0
Q5JTC6,0,0,0,1,0,0
Q5KU26,0,0,0,0,1,0
Q5QJU3,1,0,0,0,0,0
Q5S007,0,0,0,1,0,0
Q5SQ64,0,0,1,0,0,0
Q5SRI9,0,0,0,0,1,0
Q5SSG8,0,0,1,0,0,0
Q5SYB0,0,0,0,1,0,0
Q5SZK8,0,0,1,0,0,0
Q5T0N5,0,0,0,1,0,0
Q5T2T1,0,0,0,1,0,0
Q5T3U5,1,0,0,0,0,0
Q5T442,1,0,0,0,0,0
Q5T4F4,1,0,0,0,0,0
Q5T5U3,0,0,0,1,0,0
Q5T848,1,0,0,0,0,0
Q5T9L3,1,0,0,0,0,0
Q5TAH2,1,0,0,0,0,0
Q5TCQ9,0,0,0,1,0,0
Q5TEA6,0,0,1,0,0,0
Q5TGU0,1,0,0,0,0,0
Q5TZ20,1,0,0,0,0,0
Q5UAW9,1,0,0,0,0,0
Q5UCC4,0,0,1,0,0,0
Q5VIR6,0,0,0,1,0,0
Q5VV43,0,0,1,0,0,0
Q5VW38,1,0,0,0,0,0
Q5VWK5,0,0,1,0,0,0
Q5XXA6,1,0,0,0,0,0
Q643R3,1,0,0,0,0,0
Q687X5,1,0,0,0,0,0
Q68CJ9,0,0,0,0,1,0
Q68CP4,1,0,0,0,0,0
Q68D85,0,0,1,0,0,0
Q68DA7,0,0,0,1,0,0
Q68DD2,0,0,0,1,0,0
Q68DV7,0,0,1,0,0,0
Q68EM7,0,0,0,1,0,0
Q6AZY7,0,0,0,0,1,0
Q6DD88,1,0,0,0,0,0
Q6DWJ6,1,0,0,0,0,0
Q6GTX8,0,0,1,0,0,0
Q6H3X3,0,0,1,0,0,0
Q6IAA8,0,1,0,0,0,0
Q6IEV9,1,0,0,0,0,0
Q6IEY1,1,0,0,0,0,0
Q6IF00,1,0,0,0,0,0
Q6IF42,1,0,0,0,0,0
Q6IF63,1,0,0,0,0,0
Q6IF82,1,0,0,0,0,0
Q6IFN5,1,0,0,0,0,0
Q6IWH7,1,0,0,0,0,0
Q6KCM7,1,0,0,0,0,0
Q6L9W6,0,0,0,0,1,0
Q6NUK1,1,0,0,0,0,0
Q6NUQ1,0,0,0,1,0,0
Q6NV75,1,0,0,0,0,0
Q6NXT4,1,0,0,0,0,0
Q6P0Q8,0,0,0,1,0,0
Q6P1A2,1,0,0,0,0,0
Q6P1K1,1,0,0,0,0,0
Q6P4F1,0,0,0,0,1,0
Q6P4Q7,1,0,0,0,0,0
Q6P5W5,1,0,0,0,0,0
Q6PIU1,1,0,0,0,0,0
Q6PP77,1,0,0,0,0,0
Q6PXP3,1,0,0,0,0,0
Q6Q0C1,1,0,0,0,0,0
Q6RW13,1,0,0,0,0,0
Q6TCH7,1,0,0,0,0,0
Q6U841,1,0,0,0,0,0
Q6UVK1,0,0,1,0,0,0
Q6UVW9,0,0,0,0,1,0
Q6UWB1,0,0,1,0,0,0
Q6UWI2,0,0,1,0,0,0
Q6UWP7,1,0,0,0,0,0
Q6UX01,1,0,0,0,0,0
Q6UX65,1,0,0,0,0,0
Q6UXD5,0,0,1,0,0,0
Q6UXG3,0,0,1,0,0,0
Q6UXN8,0,0,0,0,1,0
Q6UXY1,0,0,0,1,0,0
Q6VVX0,0,0,0,1,0,0
Q6W5P4,1,0,0,0,0,0
Q6X4W1,0,0,0,1,0,0
Q6YHK3,0,1,0,0,0,1
Q6ZMC9,0,0,1,0,0,0
Q6ZMI3,0,0,0,0,1,0
Q6ZMZ0,1,0,0,0,0,0
Q6ZNB7,1,0,0,0,0,0
Q6ZPD8,1,0,0,0,0,0
Q6ZRI0,0,0,0,1,0,0
Q6ZVD8,0,0,0,1,0,0
Q70E73,0,0,0,1,0,0
Q70HW3,1,0,0,0,0,0
Q70J99,0,0,0,1,0,0
Q70SY1,0,0,0,0,1,0
Q70Z44,1,0,0,0,0,0
Q717R9,0,1,0,0,0,0
Q75V66,1,0,0,0,0,0
Q76EJ3,1,0,0,0,0,0
Q76MJ5,0,0,1,0,0,0
Q7KZI7,0,0,0,1,0,0
Q7KZN9,1,0,0,0,0,0
Q7L0Q8,0,1,0,0,0,0
Q7L591,0,0,0,1,0,0
Q7L5A8,1,0,0,0,0,0
Q7L804,0,0,0,1,0,0
Q7LDG7,0,0,0,1,0,0
Q7RTM1,1,0,0,0,0,0
Q7RTR8,1,0,0,0,0,0
Q7RTX0,1,0,0,0,0,0
Q7RTX1,1,0,0,0,0,0
Q7RTX7,1,0,0,0,0,0
Q7Z3B4,0,0,0,1,0,0
Q7Z3C6,1,0,0,0,0,0
Q7Z3F1,1,0,0,0,0,0
Q7Z3T1,1,0,0,0,0,0
Q7Z3T8,0,0,0,1,0,0
Q7Z403,1,0,0,0,0,0
Q7Z410,0,0,0,0,1,0
Q7Z412,0,0,0,0,1,0
Q7Z418,1,0,0,0,0,0
Q7Z444,0,1,0,0,0,0
Q7Z449,1,0,0,0,0,0
Q7Z4I7,0,0,0,1,0,0
Q7Z5G4,0,1,0,0,0,0
Q7Z602,1,0,0,0,0,0
Q7Z614,0,0,0,1,0,0
Q7Z698,0,0,0,1,0,0
Q7Z699,0,0,0,1,0,0
Q7Z6B0,0,0,0,1,0,0
Q7Z6J2,0,0,0,1,0,0
Q7Z7A4,0,0,0,1,0,0
Q7Z7G2,0,1,0,0,0,0
Q86SK9,1,0,0,0,0,0
Q86SM5,1,0,0,0,0,0
Q86SM8,1,0,0,0,0,0
Q86SP6,1,0,0,0,0,0
Q86SQ0,0,0,0,1,0,0
Q86SQ9,0,0,0,1,0,0
Q86SU0,0,0,1,0,0,0
Q86TM6,1,0,0,0,0,0
Q86U90,0,0,0,1,0,0
Q86UG4,1,0,0,0,0,0
Q86UN2,0,1,0,0,0,1
Q86UN3,0,1,0,0,0,1
Q86UT5,0,0,0,1,0,0
Q86UW1,1,0,0,0,0,0
Q86UW7,0,0,0,1,0,0
Q86V24,1,0,0,0,0,0
Q86VB7,0,0,1,0,0,0
Q86VD9,1,0,0,0,0,0
Q86VZ1,1,0,0,0,0,0
Q86W10,0,0,0,0,1,0
Q86W33,1,0,0,0,0,0
Q86W47,1,0,0,0,0,0
Q86WA9,1,0,0,0,0,0
Q86WB7,1,0,0,0,0,0
Q86WC4,0,0,1,0,0,0
Q86WG5,0,0,0,1,0,0
Q86XP0,0,0,0,1,0,0
Q86XQ3,1,0,0,0,0,0
Q86Y22,0,0,0,0,1,0
Q86Y39,1,0,0,0,0,0
Q86YR5,0,0,0,1,0,0
Q86YR6,0,0,0,1,0,0
Q86YS3,0,0,0,1,0,0
Q86YS6,0,1,0,0,0,0
Q86YT5,1,0,0,0,0,0
Q86YW5,0,0,1,0,0,0
Q8IU68,1,0,0,0,0,0
Q8IU80,0,0,0,0,1,0
Q8IU99,1,0,0,0,0,0
Q8IUH5,1,0,0,0,0,0
Q8IUH8,1,0,0,0,0,0
Q8IUK5,0,0,1,0,0,0
Q8IUQ0,0,0,0,1,0,0
Q8IUW5,0,0,1,0,0,0
Q8IV08,0,0,0,0,1,0
Q8IV36,0,1,0,0,0,0
Q8IVB4,1,0,0,0,0,0
Q8IVI9,0,0,0,1,0,0
Q8IVJ1,1,0,0,0,0,0
Q8IVP5,1,0,0,0,0,0
Q8IVU1,0,0,1,0,0,0
Q8IWJ2,0,0,0,1,0,0
Q8IWV2,0,1,0,0,0,1
Q8IWX5,1,0,0,0,0,0
Q8IWY4,0,0,0,1,0,0
Q8IXM6,1,0,0,0,0,0
Q8IY17,0,0,1,0,0,0
Q8IY34,1,0,0,0,0,0
Q8IY49,1,0,0,0,0,0
Q8IY95,1,0,0,0,0,0
Q8IYB5,0,0,0,1,0,0
Q8IYJ3,0,0,0,1,0,0
Q8IYR6,0,0,1,0,0,0
Q8IYT8,0,0,0,1,0,0
Q8IZ96,1,0,0,0,0,0
Q8IZJ1,0,0,1,0,0,0
Q8IZJ3,0,0,0,1,0,0
Q8IZQ1,0,0,0,1,0,0
Q8IZR5,1,0,0,0,0,0
Q8IZS7,0,0,0,0,1,0
Q8IZV2,1,0,0,0,0,0
Q8IZY2,1,0,0,0,0,0
Q8J025,0,0,1,0,0,0
Q8N0W4,0,0,1,0,0,0
Q8N0Y3,1,0,0,0,0,0
Q8N0Y5,1,0,0,0,0,0
Q8N114,0,0,1,0,0,0
Q8N127,1,0,0,0,0,0
Q8N130,1,0,0,0,0,0
Q8N144,1,0,0,0,0,0
Q8N146,1,0,0,0,0,0
Q8N148,1,0,0,0,0,0
Q8N158,0,1,0,0,0,1
Q8N1B4,0,0,0,1,0,0
Q8N1C3,1,0,0,0,0,0
Q8N1I0,0,0,0,1,0,0
Q8N1M1,1,0,0,0,0,0
Q8N2H4,1,0,0,0,0,0
Q8N349,1,0,0,0,0,0
Q8N357,1,0,0,0,0,0
Q8N3J6,0,0,1,0,0,0
Q8N3R9,0,0,0,1,0,0
Q8N441,0,0,1,0,0,0
Q8N442,0,0,0,1,0,0
Q8N490,0,0,0,1,0,0
Q8N4S9,1,0,0,0,0,0
Q8N4V1,0,0,1,0,0,0
Q8N608,0,0,0,0,1,0
Q8N628,1,0,0,0,0,0
Q8N682,1,0,0,0,0,0
Q8N6F1,1,0,0,0,0,0
Q8N6H7,0,0,0,1,0,0
Q8N6M3,1,0,0,0,0,0
Q8N6P7,0,0,1,0,0,0
Q8N6Q3,0,1,0,0,0,1
Q8N6U8,1,0,0,0,0,0
Q8N766,0,0,1,0,0,0
Q8N7J2,0,0,0,1,0,0
Q8N8Q8,1,0,0,0,0,0
Q8N9A8,1,0,0,0,0,0
Q8NAC3,0,0,1,0,0,0
Q8NB49,1,0,0,0,0,0
Q8NBI2,1,0,0,0,0,0
Q8NBI6,0,0,0,0,1,0
Q8NBJ4,0,0,0,0,1,0
Q8NBJ9,1,0,0,0,0,0
Q8NBR0,0,0,1,0,0,0
Q8NBS3,1,0,0,0,0,0
Q8NC56,1,0,0,0,0,0
Q8NC60,0,0,0,1,0,0
Q8NCG5,0,0,0,0,1,0
Q8NCG7,1,0,0,0,0,0
Q8NCM2,1,0,0,0,0,0
Q8ND25,0,0,0,1,0,0
Q8ND76,0,1,0,0,0,0
Q8NDV2,1,0,0,0,0,0
Q8NE86,1,0,0,0,0,0
Q8NEC5,1,0,0,0,0,0
Q8NER5,0,0,1,0,0,0
Q8NET8,1,0,0,0,0,0
Q8NEU8,0,0,0,1,0,0
Q8NEW0,1,0,0,0,0,0
Q8NEZ2,0,0,0,1,0,0
Q8NFA2,0,0,0,1,0,0
Q8NFF2,1,0,0,0,0,0
Q8NFH5,0,0,0,1,0,0
Q8NFJ5,1,0,0,0,0,0
Q8NFM4,1,0,0,0,0,0
Q8NFM7,0,0,1,0,0,0
Q8NFN8,1,0,0,0,0,0
Q8NFP4,0,1,0,0,0,1
Q8NFT2,1,0,0,0,0,0
Q8NFT8,0,0,1,0,0,0
Q8NFU0,1,0,0,0,0,0
Q8NFU1,1,0,0,0,0,0
Q8NFX7,0,0,0,1,0,0
Q8NFY4,0,0,1,0,0,0
Q8NG77,1,0,0,0,0,0
Q8NG92,1,0,0,0,0,0
Q8NG95,1,0,0,0,0,0
Q8NG97,1,0,0,0,0,0
Q8NG98,1,0,0,0,0,0
Q8NGA1,1,0,0,0,0,0
Q8NGA8,1,0,0,0,0,0
Q8NGB2,1,0,0,0,0,0
Q8NGB4,1,0,0,0,0,0
Q8NGB9,1,0,0,0,0,0
Q8NGC1,1,0,0,0,0,0
Q8NGC2,1,0,0,0,0,0
Q8NGC4,1,0,0,0,0,0
Q8NGC7,1,0,0,0,0,0
Q8NGC9,1,0,0,0,0,0
Q8NGD0,1,0,0,0,0,0
Q8NGD2,1,0,0,0,0,0
Q8NGD3,1,0,0,0,0,0
Q8NGD4,1,0,0,0,0,0
Q8NGD5,1,0,0,0,0,0
Q8NGE0,1,0,0,0,0,0
Q8NGE2,1,0,0,0,0,0
Q8NGE3,1,0,0,0,0,0
Q8NGE5,1,0,0,0,0,0
Q8NGE7,1,0,0,0,0,0
Q8NGE8,1,0,0,0,0,0
Q8NGE9,1,0,0,0,0,0
Q8NGF0,1,0,0,0,0,0
Q8NGF3,1,0,0,0,0,0
Q8NGF4,1,0,0,0,0,0
Q8NGF6,1,0,0,0,0,0
Q8NGF7,1,0,0,0,0,0
Q8NGF8,1,0,0,0,0,0
Q8NGG2,1,0,0,0,0,0
Q8NGG3,1,0,0,0,0,0
Q8NGG5,1,0,0,0,0,0
Q8NGH3,1,0,0,0,0,0
Q8NGH5,1,0,0,0,0,0
Q8NGH7,1,0,0,0,0,0
Q8NGH9,1,0,0,0,0,0
Q8NGI2,1,0,0,0,0,0
Q8NGI3,1,0,0,0,0,0
Q8NGI7,1,0,0,0,0,0
Q8NGI8,1,0,0,0,0,0
Q8NGI9,1,0,0,0,0,0
Q8NGJ0,1,0,0,0,0,0
Q8NGJ1,1,0,0,0,0,0
Q8NGJ4,1,0,0,0,0,0
Q8NGJ5,1,0,0,0,0,0
Q8NGJ7,1,0,0,0,0,0
Q8NGJ8,1,0,0,0,0,0
Q8NGJ9,1,0,0,0,0,0
Q8NGK0,1,0,0,0,0,0
Q8NGK4,1,0,0,0,0,0
Q8NGK5,1,0,0,0,0,0
Q8NGK9,1,0,0,0,0,0
Q8NGL3,1,0,0,0,0,0
Q8NGL6,1,0,0,0,0,0
Q8NGL7,1,0,0,0,0,0
Q8NGM8,1,0,0,0,0,0
Q8NGM9,1,0,0,0,0,0
Q8NGN0,1,0,0,0,0,0
Q8NGN1,1,0,0,0,0,0
Q8NGN3,1,0,0,0,0,0
Q8NGP2,1,0,0,0,0,0
Q8NGP3,1,0,0,0,0,0
Q8NGP6,1,0,0,0,0,0
Q8NGQ1,1,0,0,0,0,0
Q8NGQ2,1,0,0,0,0,0
Q8NGQ3,1,0,0,0,0,0
Q8NGQ4,1,0,0,0,0,0
Q8NGQ6,1,0,0,0,0,0
Q8NGR2,1,0,0,0,0,0
Q8NGR3,1,0,0,0,0,0
Q8NGR4,1,0,0,0,0,0
Q8NGR8,1,0,0,0,0,0
Q8NGS0,1,0,0,0,0,0
Q8NGS3,1,0,0,0,0,0
Q8NGS4,1,0,0,0,0,0
Q8NGS6,1,0,0,0,0,0
Q8NGS7,1,0,0,0,0,0
Q8NGT0,1,0,0,0,0,0
Q8NGT1,1,0,0,0,0,0
Q8NGT2,1,0,0,0,0,0
Q8NGT5,1,0,0,0,0,0
Q8NGU9,1,0,0,0,0,0
Q8NGV0,1,0,0,0,0,0
Q8NGV5,1,0,0,0,0,0
Q8NGW1,1,0,0,0,0,0
Q8NGW6,1,0,0,0,0,0
Q8NGX0,1,0,0,0,0,0
Q8NGX1,1,0,0,0,0,0
Q8NGX3,1,0,0,0,0,0
Q8NGX5,1,0,0,0,0,0
Q8NGX6,1,0,0,0,0,0
Q8NGX8,1,0,0,0,0,0
Q8NGX9,1,0,0,0,0,0
Q8NGY1,1,0,0,0,0,0
Q8NGY2,1,0,0,0,0,0
Q8NGY3,1,0,0,0,0,0
Q8NGY5,1,0,0,0,0,0
Q8NGY6,1,0,0,0,0,0
Q8NGZ0,1,0,0,0,0,0
Q8NGZ2,1,0,0,0,0,0
Q8NGZ3,1,0,0,0,0,0
Q8NGZ4,1,0,0,0,0,0
Q8NGZ5,1,0,0,0,0,0
Q8NGZ6,1,0,0,0,0,0
Q8NH00,1,0,0,0,0,0
Q8NH04,1,0,0,0,0,0
Q8NH05,1,0,0,0,0,0
Q8NH09,1,0,0,0,0,0
Q8NH10,1,0,0,0,0,0
Q8NH18,1,0,0,0,0,0
Q8NH19,1,0,0,0,0,0
Q8NH37,1,0,0,0,0,0
Q8NH40,1,0,0,0,0,0
Q8NH41,1,0,0,0,0,0
Q8NH42,1,0,0,0,0,0
Q8NH43,1,0,0,0,0,0
Q8NH49,1,0,0,0,0,0
Q8NH51,1,0,0,0,0,0
Q8NH56,1,0,0,0,0,0
Q8NH59,1,0,0,0,0,0
Q8NH60,1,0,0,0,0,0
Q8NH64,1,0,0,0,0,0
Q8NH67,1,0,0,0,0,0
Q8NH69,1,0,0,0,0,0
Q8NH70,1,0,0,0,0,0
Q8NH72,1,0,0,0,0,0
Q8NH73,1,0,0,0,0,0
Q8NH76,1,0,0,0,0,0
Q8NH79,1,0,0,0,0,0
Q8NH87,1,0,0,0,0,0
Q8NH90,1,0,0,0,0,0
Q8NH94,1,0,0,0,0,0
Q8NHA4,1,0,0,0,0,0
Q8NHB8,1,0,0,0,0,0
Q8NHC5,1,0,0,0,0,0
Q8NHC7,1,0,0,0,0,0
Q8NHG8,0,0,0,1,0,0
Q8NHH9,1,0,0,0,0,0
Q8NHJ6,0,0,1,0,0,0
Q8NHL6,0,0,1,0,0,0
Q8NHS3,1,0,0,0,0,0
Q8NHU3,1,0,0,0,0,0
Q8TAC9,1,0,0,0,0,0
Q8TAD4,1,0,0,0,0,0
Q8TAE7,1,0,0,0,0,0
Q8TAI7,0,1,0,0,0,0
Q8TAZ6,1,0,0,0,0,0
Q8TB36,1,0,0,0,0,0
Q8TB61,1,0,0,0,0,0
Q8TB92,0,0,0,1,0,0
Q8TC12,0,0,0,0,1,0
Q8TCB6,1,0,0,0,0,0
Q8TCJ2,1,0,0,0,0,0
Q8TCQ1,1,0,0,0,0,0
Q8TCS8,0,0,0,1,0,0
Q8TCT0,0,0,0,1,0,0
Q8TCW9,1,0,0,0,0,0
Q8TCZ2,0,0,1,0,0,0
Q8TD07,0,0,1,0,0,0
Q8TD43,1,0,0,0,0,0
Q8TD46,0,0,1,0,0,0
Q8TDB8,1,0,0,0,0,0
Q8TDJ6,0,0,0,1,0,0
Q8TDM5,0,1,0,0,0,1
Q8TDM6,0,0,0,1,0,0
Q8TDN1,1,0,0,0,0,0
Q8TDN2,1,0,0,0,0,0
Q8TDS4,1,0,0,0,0,0
Q8TDS5,1,0,0,0,0,0
Q8TDS7,1,0,0,0,0,0
Q8TDT2,1,0,0,0,0,0
Q8TDU9,1,0,0,0,0,0
Q8TDV0,1,0,0,0,0,0
Q8TDV2,1,0,0,0,0,0
Q8TDV5,1,0,0,0,0,0
Q8TE23,1,0,0,0,0,0
Q8TE54,1,0,0,0,0,0
Q8TEB9,1,0,0,0,0,0
Q8TEM1,0,0,1,0,0,0
Q8TEY5,0,0,0,0,1,0
Q8TEZ7,1,0,0,0,0,0
Q8WTQ7,0,1,0,0,0,0
Q8WTV0,1,0,0,0,0,0
Q8WTW3,0,0,0,1,0,0
Q8WU17,1,0,0,0,0,0
Q8WUD6,1,0,0,0,0,0
Q8WUG5,1,0,0,0,0,0
Q8WUM9,1,0,0,0,0,0
Q8WV92,0,0,0,1,0,0
Q8WVH0,0,1,0,0,0,0
Q8WVQ1,0,0,0,0,1,0
Q8WWA0,0,1,0,0,0,1
Q8WWA1,1,0,0,0,0,0
Q8WWG9,0,0,1,0,0,0
Q8WWI5,1,0,0,0,0,0
Q8WWQ8,0,0,1,0,0,0
Q8WWR8,0,0,0,1,0,0
Q8WWT9,1,0,0,0,0,0
Q8WWY8,0,0,0,1,0,0
Q8WXD0,1,0,0,0,0,0
Q8WXF7,1,0,0,0,0,0
Q8WXG1,0,0,0,1,0,0
Q8WXG6,1,0,0,0,0,0
Q8WXI2,0,0,0,1,0,0
Q8WY07,1,0,0,0,0,0
Q8WY21,0,0,1,0,0,0
Q8WY64,0,0,0,1,0,0
Q8WZ73,0,0,0,1,0,0
Q8WZ92,1,0,0,0,0,0
Q8WZ94,1,0,0,0,0,0
Q92482,1,0,0,0,0,0
Q92508,1,0,0,0,0,0
Q92521,1,0,0,0,0,0
Q92523,1,0,0,0,0,0
Q92536,1,0,0,0,0,0
Q92543,0,0,0,1,0,0
Q92572,0,0,0,1,0,0
Q92574,0,0,0,1,0,0
Q92575,0,0,0,1,0,0
Q92581,1,0,0,0,0,0
Q92604,1,0,0,0,0,0
Q92608,0,0,0,1,0,0
Q92611,0,0,0,0,1,0
Q92629,0,0,0,0,1,0
Q92633,1,0,0,0,0,0
Q92637,0,0,1,0,0,0
Q92643,0,0,1,0,0,0
Q92729,0,0,1,0,0,0
Q92730,0,1,0,0,0,0
Q92736,1,0,0,0,0,0
Q92737,0,1,0,0,0,0
Q92781,0,0,0,1,0,0
Q92783,0,0,0,1,0,0
Q92797,0,0,0,1,0,0
Q92805,0,0,0,1,0,0
Q92806,1,0,0,0,0,0
Q92824,0,0,1,0,0,0
Q92835,0,0,0,1,0,0
Q92838,0,0,0,0,1,0
Q92843,0,0,0,1,0,0
Q92847,1,0,0,0,0,0
Q92854,0,0,1,0,0,0
Q92859,0,0,1,0,0,0
Q92896,0,0,1,0,0,0
Q92911,1,0,0,0,0,0
Q92959,1,0,0,0,0,0
Q92982,1,0,0,0,0,0
Q93038,0,0,1,0,0,0
Q93045,0,0,0,1,0,0
Q93050,1,0,0,0,0,0
Q93063,0,0,0,0,1,0
Q93070,0,1,0,0,0,1
Q93084,1,0,0,0,0,0
Q93086,1,0,0,0,0,0
Q93100,0,1,0,0,0,0
Q969E2,1,0,0,0,0,0
Q969F8,1,0,0,0,0,0
Q969I6,1,0,0,0,0,0
Q969M3,1,0,0,0,0,0
Q969N2,0,0,1,0,0,0
Q969R2,0,0,0,1,0,0
Q969S0,1,0,0,0,0,0
Q969T3,0,0,0,1,0,0
Q969V1,1,0,0,0,0,0
Q969V5,1,0,0,0,0,0
Q969X5,1,0,0,0,0,0
Q969Z3,0,0,0,1,0,0
Q969Z4,0,0,1,0,0,0
Q96A28,0,0,1,0,0,0
Q96A29,1,0,0,0,0,0
Q96A46,1,0,0,0,0,0
Q96A54,1,0,0,0,0,0
Q96AD5,0,0,0,0,1,0
Q96AM1,1,0,0,0,0,0
Q96AW1,0,0,1,0,0,0
Q96AX1,0,0,0,1,0,0
Q96B42,1,0,0,0,0,0
Q96B97,0,0,0,1,0,0
Q96BD0,1,0,0,0,0,0
Q96BF3,0,0,1,0,0,0
Q96BI3,1,0,0,0,0,0
Q96CC6,1,0,0,0,0,0
Q96CH1,1,0,0,0,0,0
Q96CS7,0,0,0,1,0,0
Q96CW1,0,0,0,1,0,0
Q96D96,1,0,0,0,0,0
Q96DA2,0,1,0,0,0,0
Q96DS6,1,0,0,0,0,0
Q96DZ9,1,0,0,0,0,0
Q96E17,0,1,0,0,0,0
Q96E22,0,0,1,0,0,0
Q96E35,0,0,0,1,0,0
Q96E93,0,0,0,0,1,0
Q96EK6,0,0,0,1,0,0
Q96EV8,0,0,0,1,0,0
Q96FL8,1,0,0,0,0,0
Q96FZ5,1,0,0,0,0,0
Q96FZ7,0,1,0,0,0,0
Q96G91,1,0,0,0,0,0
Q96GC9,1,0,0,0,0,0
Q96GD0,0,0,0,1,0,0
Q96GF1,1,0,0,0,0,0
Q96GW7,0,1,0,0,0,1
Q96GZ6,1,0,0,0,0,0
Q96H72,1,0,0,0,0,0
Q96HA9,1,0,0,0,0,0
Q96HD9,0,0,0,1,0,0
Q96HU8,0,1,0,0,0,0
Q96IZ2,1,0,0,0,0,0
Q96J66,1,0,0,0,0,0
Q96JA1,0,0,1,0,0,0
Q96JA3,0,0,0,1,0,0
Q96JB2,0,0,0,1,0,0
Q96JC1,0,0,0,1,0,0
Q96JQ5,1,0,0,0,0,0
Q96JW4,1,0,0,0,0,0
Q96KC8,0,0,1,0,0,0
Q96KG7,0,0,1,0,0,0
Q96KK3,1,0,0,0,0,0
Q96KK4,1,0,0,0,0,0
Q96L33,0,1,0,0,0,0
Q96L42,1,0,0,0,0,0
Q96L58,0,0,0,0,1,0
Q96L94,0,0,0,1,0,0
Q96LA5,0,0,1,0,0,0
Q96LA6,0,0,1,0,0,0
Q96LB1,1,0,0,0,0,0
Q96LB2,1,0,0,0,0,0
Q96LC7,0,0,1,0,0,0
Q96MF6,0,0,0,1,0,0
Q96MX0,1,0,0,0,0,0
Q96N16,0,0,0,1,0,0
Q96NE9,0,0,0,1,0,0
Q96NL1,1,0,0,0,0,0
Q96NR3,1,0,0,0,0,0
Q96P31,0,0,1,0,0,0
Q96P48,0,0,0,1,0,0
Q96P65,1,0,0,0,0,0
Q96P66,1,0,0,0,0,0
Q96P67,1,0,0,0,0,0
Q96P68,1,0,0,0,0,0
Q96P69,1,0,0,0,0,0
Q96PC3,0,0,0,1,0,0
Q96PD2,0,0,1,0,0,0
Q96PD7,1,0,0,0,0,0
Q96PE5,0,0,1,0,0,0
Q96PJ5,0,0,1,0,0,0
Q96PL2,0,1,0,0,0,1
Q96PL5,0,0,1,0,0,0
Q96PN6,0,0,0,1,0,0
Q96PP8,0,1,0,0,0,0
Q96PR1,1,0,0,0,0,0
Q96PS8,1,0,0,0,0,0
Q96QD8,1,0,0,0,0,0
Q96QE2,1,0,0,0,0,0
Q96QK1,0,0,0,1,0,0
Q96QZ7,0,0,0,1,0,0
Q96R08,1,0,0,0,0,0
Q96R28,1,0,0,0,0,0
Q96R30,1,0,0,0,0,0
Q96R54,1,0,0,0,0,0
Q96R67,1,0,0,0,0,0
Q96RC9,1,0,0,0,0,0
Q96RD1,1,0,0,0,0,0
Q96RD3,1,0,0,0,0,0
Q96RD9,0,0,1,0,0,0
Q96RF0,0,0,0,1,0,0
Q96RI0,1,0,0,0,0,0
Q96RI8,1,0,0,0,0,0
Q96RJ0,1,0,0,0,0,0
Q96RL6,0,0,1,0,0,0
Q96RN1,1,0,0,0,0,0
Q96RQ1,1,0,0,0,0,0
Q96RU3,0,0,0,1,0,0
Q96S06,1,0,0,0,0,0
Q96S21,0,1,0,0,0,0
Q96S37,1,0,0,0,0,0
Q96S52,1,0,0,0,0,0
Q96S79,0,1,0,0,0,0
Q96SQ9,0,0,0,1,0,0
Q96T51,0,0,0,1,0,0
Q96T54,1,0,0,0,0,0
Q96T55,1,0,0,0,0,0
Q96T83,1,0,0,0,0,0
Q99075,0,0,1,0,0,0
Q99437,1,0,0,0,0,0
Q99466,0,0,1,0,0,0
Q99467,0,0,1,0,0,0
Q99500,1,0,0,0,0,0
Q99519,0,0,0,1,0,0
Q99523,0,0,1,0,0,0
Q99536,0,0,0,1,0,0
Q99541,0,0,0,1,0,0
Q99569,0,0,0,1,0,0
Q99571,1,0,0,0,0,0
Q99572,1,0,0,0,0,0
Q99640,0,0,0,1,0,0
Q99643,1,0,0,0,0,0
Q99665,0,0,1,0,0,0
Q99677,1,0,0,0,0,0
Q99678,1,0,0,0,0,0
Q99679,1,0,0,0,0,0
Q99680,1,0,0,0,0,0
Q99705,1,0,0,0,0,0
Q99706,0,0,1,0,0,0
Q99712,1,0,0,0,0,0
Q99732,0,0,0,1,0,0
Q99788,1,0,0,0,0,0
Q99795,0,0,1,0,0,0
Q99807,0,0,0,1,0,0
Q99808,1,0,0,0,0,0
Q99816,0,0,0,1,0,0
Q99828,0,1,0,0,0,0
Q99835,1,0,0,0,0,0
Q99884,1,0,0,0,0,0
Q99928,1,0,0,0,0,0
Q99941,0,0,0,0,1,0
Q99942,1,0,0,0,0,0
Q99962,0,0,0,1,0,0
Q99965,0,0,1,0,0,0
Q9BPV8,1,0,0,0,0,0
Q9BPZ7,0,0,0,1,0,0
Q9BQ31,1,0,0,0,0,0
Q9BQ51,0,0,1,0,0,0
Q9BQB6,1,0,0,0,0,0
Q9BQI0,0,0,0,1,0,0
Q9BQI5,0,0,0,1,0,0
Q9BQL6,0,0,0,1,0,0
Q9BQQ3,0,0,0,1,0,0
Q9BQT8,1,0,0,0,0,0
Q9BRI3,1,0,0,0,0,0
Q9BRK3,0,0,1,0,0,0
Q9BRL7,1,0,0,0,0,0
Q9BRT3,0,1,0,0,0,0
Q9BRV3,1,0,0,0,0,0
Q9BSJ8,1,0,0,0,0,0
Q9BSK2,1,0,0,0,0,0
Q9BSN7,1,0,0,0,0,0
Q9BSR8,1,0,0,0,0,0
Q9BT67,1,0,0,0,0,0
Q9BTT6,0,0,0,1,0,0
Q9BTV4,1,0,0,0,0,0
Q9BUB7,1,0,0,0,0,0
Q9BUF7,0,0,1,0,0,0
Q9BUM1,1,0,0,0,0,0
Q9BUN8,1,0,0,0,0,0
Q9BUZ4,0,0,0,1,0,0
Q9BV35,1,0,0,0,0,0
Q9BV57,0,0,0,1,0,0
Q9BV81,1,0,0,0,0,0
Q9BVI4,1,0,0,0,0,0
Q9BVK6,0,0,1,0,0,0
Q9BVK8,1,0,0,0,0,0
Q9BVX2,1,0,0,0,0,0
Q9BW60,1,0,0,0,0,0
Q9BWM7,1,0,0,0,0,0
Q9BWV1,0,0,1,0,0,0
Q9BX74,1,0,0,0,0,0
Q9BX84,1,0,0,0,0,0
Q9BX95,1,0,0,0,0,0
Q9BXA5,1,0,0,0,0,0
Q9BXB1,1,0,0,0,0,0
Q9BXC0,1,0,0,0,0,0
Q9BXC1,1,0,0,0,0,0
Q9BXF6,0,0,0,1,0,0
Q9BXI2,1,0,0,0,0,0
Q9BXN2,0,0,0,0,1,0
Q9BXP2,1,0,0,0,0,0
Q9BXS4,0,0,1,0,0,0
Q9BXS9,1,0,0,0,0,0
Q9BXW4,0,1,0,0,0,0
Q9BY07,1,0,0,0,0,0
Q9BY08,1,0,0,0,0,0
Q9BY19,1,0,0,0,0,0
Q9BY67,0,0,1,0,0,0
Q9BYE9,0,0,1,0,0,0
Q9BZ11,0,0,1,0,0,0
Q9BZ72,0,0,0,1,0,0
Q9BZC7,1,0,0,0,0,0
Q9BZD2,1,0,0,0,0,0
Q9BZD6,0,0,1,0,0,0
Q9BZD7,0,0,1,0,0,0
Q9BZJ4,1,0,0,0,0,0
Q9BZJ6,1,0,0,0,0,0
Q9BZJ7,1,0,0,0,0,0
Q9BZM6,0,1,0,0,0,1
Q9BZR6,0,1,0,0,0,1
Q9BZW2,1,0,0,0,0,0
Q9BZZ2,0,0,1,0,0,0
Q9C004,0,0,0,1,0,0
Q9C0H2,1,0,0,0,0,0
Q9GZK3,1,0,0,0,0,0
Q9GZK4,1,0,0,0,0,0
Q9GZK7,1,0,0,0,0,0
Q9GZM5,1,0,0,0,0,0
Q9GZN0,1,0,0,0,0,0
Q9GZN6,1,0,0,0,0,0
Q9GZP7,1,0,0,0,0,0
Q9GZP9,1,0,0,0,0,0
Q9GZQ4,1,0,0,0,0,0
Q9GZQ6,1,0,0,0,0,0
Q9GZQ8,0,1,0,0,0,0
Q9GZR5,1,0,0,0,0,0
Q9GZU1,1,0,0,0,0,0
Q9GZV3,1,0,0,0,0,0
Q9GZW8,1,0,0,0,0,0
Q9GZZ7,0,1,0,0,0,1
Q9H013,0,0,1,0,0,0
Q9H0C2,1,0,0,0,0,0
Q9H0F7,0,0,0,1,0,0
Q9H0R1,0,0,0,1,0,0
Q9H0T7,0,1,0,0,0,0
Q9H0U3,1,0,0,0,0,0
Q9H0U4,0,1,0,0,0,0
Q9H0V9,0,0,1,0,0,0
Q9H159,0,0,1,0,0,0
Q9H1C0,1,0,0,0,0,0
Q9H1N7,1,0,0,0,0,0
Q9H1R2,0,1,0,0,0,0
Q9H1Y3,1,0,0,0,0,0
Q9H204,0,0,0,1,0,0
Q9H205,1,0,0,0,0,0
Q9H207,1,0,0,0,0,0
Q9H210,1,0,0,0,0,0
Q9H223,0,0,0,1,0,0
Q9H228,1,0,0,0,0,0
Q9H244,1,0,0,0,0,0
Q9H252,1,0,0,0,0,0
Q9H255,1,0,0,0,0,0
Q9H267,0,0,0,1,0,0
Q9H269,0,0,0,1,0,0
Q9H295,1,0,0,0,0,0
Q9H2C5,1,0,0,0,0,0
Q9H2C8,1,0,0,0,0,0
Q9H2D1,1,0,0,0,0,0
Q9H2E6,0,0,1,0,0,0
Q9H2F3,1,0,0,0,0,0
Q9H2H9,1,0,0,0,0,0
Q9H2K8,0,0,0,1,0,0
Q9H2S1,1,0,0,0,0,0
Q9H2U9,0,0,1,0,0,0
Q9H2V7,1,0,0,0,0,0
Q9H2W1,1,0,0,0,0,0
Q9H2X9,1,0,0,0,0,0
Q9H2Y9,1,0,0,0,0,0
Q9H300,1,0,0,0,0,0
Q9H310,1,0,0,0,0,0
Q9H339,1,0,0,0,0,0
Q9H340,1,0,0,0,0,0
Q9H341,1,0,0,0,0,0
Q9H343,1,0,0,0,0,0
Q9H344,1,0,0,0,0,0
Q9H346,1,0,0,0,0,0
Q9H3E2,0,0,0,1,0,0
Q9H3H5,1,0,0,0,0,0
Q9H3K2,1,0,0,0,0,0
Q9H3M0,1,0,0,0,0,0
Q9H3N8,1,0,0,0,0,0
Q9H3P7,0,0,0,1,0,0
Q9H3Q1,0,0,0,1,0,0
Q9H3S5,1,0,0,0,0,0
Q9H3T2,0,0,1,0,0,0
Q9H3T3,0,0,1,0,0,0
Q9H3V2,1,0,0,0,0,0
Q9H427,1,0,0,0,0,0
Q9H461,1,0,0,0,0,0
Q9H4A5,0,0,0,1,0,0
Q9H4A6,0,0,0,1,0,0
Q9H4E5,0,1,0,0,0,0
Q9H4G4,0,1,0,0,0,0
Q9H596,0,0,0,1,0,0
Q9H5J4,1,0,0,0,0,0
Q9H665,0,0,1,0,0,0
Q9H6F2,1,0,0,0,0,0
Q9H6R6,1,0,0,0,0,0
Q9H6X2,0,0,1,0,0,0
Q9H8M1,0,0,0,1,0,0
Q9H8T0,0,0,0,1,0,0
Q9H8Y8,0,1,0,1,0,0
Q9H902,1,0,0,0,0,0
Q9H903,0,0,0,1,0,0
Q9H9E3,0,0,0,1,0,0
Q9H9H4,0,0,0,1,0,0
Q9H9S5,0,0,0,0,1,0
Q9HB03,1,0,0,0,0,0
Q9HB20,0,0,0,1,0,0
Q9HB21,0,0,0,1,0,0
Q9HB29,0,0,1,0,0,0
Q9HB55,0,0,0,1,0,0
Q9HB89,1,0,0,0,0,0
Q9HBE5,0,0,1,0,0,0
Q9HBG4,1,0,0,0,0,0
Q9HBG7,0,0,1,0,0,0
Q9HBH0,0,1,0,0,0,0
Q9HBL7,1,0,0,0,0,0
Q9HBM0,1,0,0,0,0,0
Q9HBT6,0,0,1,0,0,0
Q9HBW0,1,0,0,0,0,0
Q9HBW1,0,0,1,0,0,0
Q9HBX8,1,0,0,0,0,0
Q9HBX9,1,0,0,0,0,0
Q9HC21,1,0,0,0,0,0
Q9HC24,1,0,0,0,0,0
Q9HC58,1,0,0,0,0,0
Q9HC62,0,0,0,1,0,0
Q9HC97,1,0,0,0,0,0
Q9HCC8,1,0,0,0,0,0
Q9HCE7,0,0,0,1,0,0
Q9HCF6,1,0,0,0,0,0
Q9HCJ2,0,0,1,0,0,0
Q9HCU4,1,0,0,0,0,0
Q9HD26,0,0,0,1,0,0
Q9HDC9,0,0,0,0,1,0
Q9NP58,1,0,0,0,0,0
Q9NP59,1,0,0,0,0,0
Q9NP60,0,0,1,0,0,0
Q9NP61,0,0,0,1,0,0
Q9NP72,0,1,0,0,0,0
Q9NP78,1,0,0,0,0,0
Q9NP84,0,0,1,0,0,0
Q9NP90,0,1,0,0,0,0
Q9NP94,1,0,0,0,0,0
Q9NPA0,0,0,1,0,0,0
Q9NPA1,1,0,0,0,0,0
Q9NPA2,0,1,0,0,0,1
Q9NPB3,0,1,0,0,0,0
Q9NPD5,1,0,0,0,0,0
Q9NPG1,1,0,0,0,0,0
Q9NPG4,0,0,1,0,0,0
Q9NPH3,0,0,1,0,0,0
Q9NPH5,1,0,0,0,0,0
Q9NPI0,1,0,0,0,0,0
Q9NPI9,1,0,0,0,0,0
Q9NPR2,0,0,1,0,0,0
Q9NPY3,0,0,1,0,0,0
Q9NPZ5,0,0,0,0,1,0
Q9NQ25,0,0,1,0,0,0
Q9NQ40,1,0,0,0,0,0
Q9NQ84,1,0,0,0,0,0
Q9NQA5,1,0,0,0,0,0
Q9NQC3,1,0,0,0,0,0
Q9NQC7,0,0,0,1,0,0
Q9NQN1,1,0,0,0,0,0
Q9NQR9,1,0,0,0,0,0
Q9NQS1,0,0,0,1,0,0
Q9NQS5,1,0,0,0,0,0
Q9NQW1,0,0,0,1,0,0
Q9NQW8,1,0,0,0,0,0
Q9NQX7,0,0,0,0,1,0
Q9NR22,0,1,0,0,0,0
Q9NR34,0,0,0,0,1,0
Q9NR71,0,0,0,0,1,0
Q9NR80,0,0,0,1,0,0
Q9NR82,1,0,0,0,0,0
Q9NRA2,1,0,0,0,0,0
Q9NRD9,1,0,0,0,0,0
Q9NRK6,1,0,0,0,0,0
Q9NRM0,1,0,0,0,0,0
Q9NRM6,0,0,1,0,0,0
Q9NRR3,0,1,0,0,0,0
Q9NRR6,0,0,0,1,0,0
Q9NRW1,0,1,0,0,0,0
Q9NRX6,0,0,1,0,0,0
Q9NRZ7,1,0,0,0,0,0
Q9NS40,1,0,0,0,0,0
Q9NS75,1,0,0,0,0,0
Q9NS93,1,0,0,0,0,0
Q9NSA0,1,0,0,0,0,0
Q9NSA2,1,0,0,0,0,0
Q9NSD5,1,0,0,0,0,0
Q9NSD7,1,0,0,0,0,0
Q9NST1,0,0,0,0,1,0
Q9NTI2,1,0,0,0,0,0
Q9NTN3,1,0,0,0,0,0
Q9NTN9,0,0,1,0,0,0
Q9NTQ9,1,0,0,0,0,0
Q9NUD9,1,0,0,0,0,0
Q9NUN5,1,0,0,0,0,0
Q9NUN7,1,0,0,0,0,0
Q9NUS5,0,0,0,1,0,0
Q9NUT2,1,0,0,0,0,0
Q9NV92,1,0,0,0,0,0
Q9NVD7,0,0,0,1,0,0
Q9NWF4,1,0,0,0,0,0
Q9NWW5,1,0,0,0,0,0
Q9NX52,1,0,0,0,0,0
Q9NX62,0,0,0,0,1,0
Q9NX63,0,1,0,0,0,0
Q9NX76,1,0,0,0,0,0
Q9NXB9,1,0,0,0,0,0
Q9NXF1,1,0,0,0,0,0
Q9NXG6,0,0,0,0,1,0
Q9NXJ0,1,0,0,0,0,0
Q9NXS2,0,0,1,0,0,0
Q9NY26,1,0,0,0,0,0
Q9NY59,0,1,0,0,0,0
Q9NY72,0,0,1,0,0,0
Q9NY99,0,0,0,1,0,0
Q9NYA4,0,0,0,1,0,0
Q9NYB5,1,0,0,0,0,0
Q9NYJ8,0,0,0,1,0,0
Q9NYL5,0,0,0,1,0,0
Q9NYM4,1,0,0,0,0,0
Q9NYP7,1,0,0,0,0,0
Q9NYQ6,1,0,0,0,0,0
Q9NYQ7,1,0,0,0,0,0
Q9NYT0,0,0,0,1,0,0
Q9NYV7,1,0,0,0,0,0
Q9NYV9,1,0,0,0,0,0
Q9NYW0,1,0,0,0,0,0
Q9NYW1,1,0,0,0,0,0
Q9NYW2,1,0,0,0,0,0
Q9NYW3,1,0,0,0,0,0
Q9NYW4,1,0,0,0,0,0
Q9NYW5,1,0,0,0,0,0
Q9NYW6,1,0,0,0,0,0
Q9NYW7,1,0,0,0,0,0
Q9NYZ4,0,0,1,0,0,0
Q9NZ01,1,0,0,0,0,0
Q9NZ42,1,0,0,0,0,0
Q9NZ52,0,0,0,1,0,0
Q9NZB2,0,0,0,1,0,0
Q9NZD1,1,0,0,0,0,0
Q9NZD8,0,0,0,1,0,0
Q9NZG7,1,0,0,0,0,0
Q9NZH0,1,0,0,0,0,0
Q9NZJ0,0,0,0,1,0,0
Q9NZJ5,0,0,1,0,0,0
Q9NZM1,0,0,0,0,1,0
Q9NZN1,0,0,1,0,0,0
Q9NZN4,0,0,0,1,0,0
Q9NZP2,1,0,0,0,0,0
Q9NZP5,1,0,0,0,0,0
Q9NZQ7,0,0,1,0,0,0
Q9NZS9,1,0,0,0,0,0
Q9NZU7,0,1,0,0,0,0
Q9NZV1,0,0,1,0,0,0
Q9NZV8,1,0,0,0,0,0
Q9P0I2,1,0,0,0,0,0
Q9P0K1,0,0,1,0,0,0
Q9P0L2,0,0,0,1,0,0
Q9P0N8,1,0,0,0,0,0
Q9P0T7,0,0,1,0,0,0
Q9P0V8,0,0,1,0,0,0
Q9P0X4,1,0,0,0,0,0
Q9P1P5,1,0,0,0,0,0
Q9P1Q5,1,0,0,0,0,0
Q9P1Z3,1,0,0,0,0,0
Q9P241,1,0,0,0,0,0
Q9P253,0,0,0,1,0,0
Q9P296,1,0,0,0,0,0
Q9P2D0,0,0,0,1,0,0
Q9P2R3,0,0,0,1,0,0
Q9P2W3,0,1,0,0,0,0
Q9P2W7,0,0,0,0,1,0
Q9P2X0,1,0,0,0,0,0
Q9UBD6,1,0,0,0,0,0
Q9UBF8,0,0,0,1,0,0
Q9UBG0,0,0,1,0,0,0
Q9UBI6,0,1,0,0,0,0
Q9UBJ2,1,0,0,0,0,0
Q9UBK5,0,0,1,0,0,0
Q9UBL9,1,0,0,0,0,0
Q9UBM7,1,0,0,0,0,0
Q9UBN4,1,0,0,0,0,0
Q9UBN6,0,0,1,0,0,0
Q9UBQ0,0,0,0,1,0,0
Q9UBS5,1,0,0,0,0,0
Q9UBT7,0,0,0,1,0,0
Q9UBV2,0,0,1,0,0,0
Q9UBV7,0,0,0,0,1,0
Q9UBV8,0,0,0,1,0,0
Q9UBX3,1,0,0,0,0,0
Q9UBY0,1,0,0,0,0,0
Q9UBY5,1,0,0,0,0,0
Q9UBY8,1,0,0,0,0,0
Q9UDY2,0,0,0,1,0,0
Q9UEF7,0,0,1,0,0,0
Q9UEY8,0,0,0,1,0,0
Q9UF47,0,1,0,0,0,0
Q9UGC6,0,1,0,0,0,0
Q9UGF5,1,0,0,0,0,0
Q9UGF6,1,0,0,0,0,0
Q9UGH3,1,0,0,0,0,0
Q9UGI6,1,0,0,0,0,0
Q9UGP8,1,0,0,0,0,0
Q9UH99,0,0,0,0,1,0
Q9UHA4,0,0,0,1,0,0
Q9UHC9,1,0,0,0,0,0
Q9UHI5,1,0,0,0,0,0
Q9UHI7,1,0,0,0,0,0
Q9UHM6,1,0,0,0,0,0
Q9UHP7,0,0,0,0,1,0
Q9UI09,0,0,0,1,0,0
Q9UI40,1,0,0,0,0,0
Q9UIB8,0,0,1,0,0,0
Q9UIG8,1,0,0,0,0,0
Q9UIL1,0,0,0,1,0,0
Q9UIQ6,0,0,0,0,1,0
Q9UIX4,1,0,0,0,0,0
Q9UJ42,1,0,0,0,0,0
Q9UJ68,0,1,0,0,0,0
Q9UJ71,0,0,0,0,1,0
Q9UJ96,1,0,0,0,0,0
Q9UJA2,1,0,0,0,0,0
Q9UJM3,0,0,0,1,0,0
Q9UJQ1,0,0,1,0,0,0
Q9UJY4,0,0,0,1,0,0
Q9UJY5,0,0,0,1,0,0
Q9UJZ1,0,0,0,1,0,0
Q9UK08,0,1,0,0,0,0
Q9UK17,1,0,0,0,0,0
Q9UK22,0,0,0,1,0,0
Q9UK23,0,0,1,0,0,0
Q9UK41,0,0,0,1,0,0
Q9UKC9,0,1,0,0,0,0
Q9UKF2,0,0,1,0,0,0
Q9UKF5,0,0,1,0,0,0
Q9UKG1,0,0,0,1,0,0
Q9UKG4,1,0,0,0,0,0
Q9UKI2,0,0,0,1,0,0
Q9UKJ8,0,0,1,0,0,0
Q9UKL4,1,0,0,0,0,0
Q9UKM7,0,0,0,0,1,0
Q9UKP6,1,0,0,0,0,0
Q9UKQ2,0,0,1,0,0,0
Q9UKS6,0,0,0,1,0,0
Q9UKU6,0,0,0,0,1,0
Q9UKV5,1,0,0,0,0,0
Q9UKX5,0,0,1,0,0,0
Q9UKX7,0,0,0,1,0,0
Q9UKY4,1,0,0,0,0,0
Q9UL45,0,0,0,1,0,0
Q9UL51,1,0,0,0,0,0
Q9UL62,1,0,0,0,0,0
Q9ULB5,0,0,1,0,0,0
Q9ULC0,0,0,1,0,0,0
Q9ULC3,0,1,0,0,0,0
Q9ULD8,1,0,0,0,0,0
Q9ULH4,0,0,1,0,0,0
Q9ULL4,0,0,1,0,0,0
Q9ULQ1,1,0,0,0,0,0
Q9ULT6,0,0,1,0,0,0
Q9ULU8,0,0,0,1,0,0
Q9ULW5,0,1,0,0,0,0
Q9ULZ9,0,1,0,0,0,1
Q9UM00,1,0,0,0,0,0
Q9UM47,0,0,1,0,0,0
Q9UM54,0,0,0,1,0,0
Q9UM73,0,0,1,0,0,0
Q9UMD9,0,0,0,0,1,0
Q9UMF0,0,0,1,0,0,0
Q9UMR2,0,0,0,1,0,0
Q9UMX9,1,0,0,0,0,0
Q9UMY4,0,0,0,1,0,0
Q9UN19,0,0,0,1,0,0
Q9UN76,1,0,0,0,0,0
Q9UNG2,0,0,0,0,1,0
Q9UNH6,0,0,0,1,0,0
Q9UNH7,0,0,0,1,0,0
Q9UNL2,1,0,0,0,0,0
Q9UNN8,0,0,1,0,0,0
Q9UNQ0,1,0,0,0,0,0
Q9UNX9,1,0,0,0,0,0
Q9UP38,1,0,0,0,0,0
Q9UP52,0,0,0,0,1,0
Q9UP65,0,1,0,0,0,0
Q9UP83,0,0,0,1,0,0
Q9UP95,1,0,0,0,0,0
Q9UPI3,1,0,0,0,0,0
Q9UPR5,1,0,0,0,0,0
Q9UPU3,0,0,1,0,0,0
Q9UPY5,1,0,0,0,0,0
Q9UPZ6,0,0,1,0,0,0
Q9UQ05,1,0,0,0,0,0
Q9UQ49,0,0,0,1,0,0
Q9UQ90,1,0,0,0,0,0
Q9UQB8,0,0,0,1,0,0
Q9UQC9,0,0,1,0,0,0
Q9UQQ1,0,0,0,0,1,0
Q9UQV4,0,0,1,0,0,0
Q9Y219,0,0,1,0,0,0
Q9Y251,0,0,0,1,0,0
Q9Y271,1,0,0,0,0,0
Q9Y272,0,1,0,0,0,0
Q9Y275,0,0,0,0,1,0
Q9Y282,1,0,0,0,0,0
Q9Y287,0,0,0,0,1,0
Q9Y289,1,0,0,0,0,0
Q9Y2D2,1,0,0,0,0,0
Q9Y2E8,1,0,0,0,0,0
Q9Y2G3,1,0,0,0,0,0
Q9Y2H9,0,0,0,1,0,0
Q9Y2I9,0,0,0,1,0,0
Q9Y2P5,1,0,0,0,0,0
Q9Y2Q5,0,0,0,1,0,0
Q9Y2T5,1,0,0,0,0,0
Q9Y2T6,1,0,0,0,0,0
Q9Y2U8,1,0,0,0,0,0
Q9Y342,1,0,0,0,0,0
Q9Y343,0,0,0,1,0,0
Q9Y345,1,0,0,0,0,0
Q9Y371,0,0,0,1,0,0
Q9Y397,1,0,0,0,0,0
Q9Y3A0,0,0,0,1,0,0
Q9Y3A3,0,0,0,1,0,0
Q9Y3A6,0,0,1,0,0,0
Q9Y3B3,0,0,1,0,0,0
Q9Y3D7,0,0,0,1,0,0
Q9Y3E0,1,0,0,0,0,0
Q9Y3E7,0,1,0,0,0,0
Q9Y3M8,0,0,0,1,0,0
Q9Y3N9,1,0,0,0,0,0
Q9Y3P8,0,0,1,0,0,0
Q9Y3Q3,0,0,1,0,0,0
Q9Y3Q4,1,0,0,0,0,0
Q9Y3Q7,0,0,1,0,0,0
Q9Y487,1,0,0,0,0,0
Q9Y4A9,1,0,0,0,0,0
Q9Y4D2,1,0,0,0,0,0
Q9Y4G6,0,0,0,1,0,0
Q9Y4P8,0,0,0,1,0,0
Q9Y4W6,1,0,0,0,0,0
Q9Y512,1,0,0,0,0,0
Q9Y561,0,0,1,0,0,0
Q9Y5I7,1,0,0,0,0,0
Q9Y5J5,0,0,0,1,0,0
Q9Y5J6,0,0,0,1,0,0
Q9Y5L4,0,0,0,1,0,0
Q9Y5N1,1,0,0,0,0,0
Q9Y5P0,1,0,0,0,0,0
Q9Y5Q5,0,0,0,0,1,0
Q9Y5R2,0,0,1,0,0,0
Q9Y5S2,0,0,0,1,0,0
Q9Y5S8,1,0,0,0,0,0
Q9Y5U5,0,0,1,0,0,0
Q9Y5U8,1,0,0,0,0,0
Q9Y5U9,1,0,0,0,0,0
Q9Y5W8,0,0,0,1,0,0
Q9Y5X0,0,0,0,1,0,0
Q9Y5X1,0,0,0,1,0,0
Q9Y5X2,0,0,0,1,0,0
Q9Y5X3,0,0,0,1,0,0
Q9Y5X5,1,0,0,0,0,0
Q9Y5Y3,1,0,0,0,0,0
Q9Y5Y5,1,0,0,0,0,0
Q9Y5Y7,0,0,1,0,0,0
Q9Y5Z0,0,0,1,0,0,0
Q9Y5Z9,1,0,0,0,0,0
Q9Y624,0,0,1,0,0,0
Q9Y625,0,1,0,0,0,1
Q9Y678,0,0,0,1,0,0
Q9Y691,1,0,0,0,0,0
Q9Y694,1,0,0,0,0,0
Q9Y698,1,0,0,0,0,0
Q9Y6A1,1,0,0,0,0,0
Q9Y6C5,1,0,0,0,0,0
Q9Y6H6,0,0,1,0,0,0
Q9Y6H8,1,0,0,0,0,0
Q9Y6J6,0,0,1,0,0,0
Q9Y6M7,1,0,0,0,0,0
Q9Y6M9,0,0,0,1,0,0
Q9Y6Q5,0,0,0,1,0,0
Q9Y6R1,1,0,0,0,0,0
Q9Y6Y8,0,0,0,1,0,0
